run_accession	sample_accession	secondary_sample_accession	study_accession	secondary_study_accession	experiment_accession	scientific_name	library_strategy	library_layout	library_source	library_selection	instrument_platform	instrument_model	read_count	base_count	fastq_bytes	fastq_md5	fastq_ftp	already_available_locally	existing_gvcf	selection_status	selection_reason
SRR29908789	SAMN42721561	SRS22066896	PRJNA1138464	SRP521244	SRX25404359	Vigna angularis	WGS	PAIRED	GENOMIC	size fractionation	ILLUMINA	Illumina HiSeq X	35466302	10639890600	2590753116;2713426593	fa583205541c384b05283a890fafe68c;eb3d151e6254d3c704937ccb8d902cb6	ftp.sra.ebi.ac.uk/vol1/fastq/SRR299/089/SRR29908789/SRR29908789_1.fastq.gz;ftp.sra.ebi.ac.uk/vol1/fastq/SRR299/089/SRR29908789/SRR29908789_2.fastq.gz	false	false	SELECTED	first31 additional WGS paired runs in accession order
SRR29908790	SAMN42721560	SRS22066895	PRJNA1138464	SRP521244	SRX25404358	Vigna angularis	WGS	PAIRED	GENOMIC	size fractionation	ILLUMINA	Illumina HiSeq X	24978759	7493627700	1820277330;1907535174	a34f7ff0aa0e1105891a648e009d8af5;0e688d15fc163889978174526bd86fde	ftp.sra.ebi.ac.uk/vol1/fastq/SRR299/090/SRR29908790/SRR29908790_1.fastq.gz;ftp.sra.ebi.ac.uk/vol1/fastq/SRR299/090/SRR29908790/SRR29908790_2.fastq.gz	false	false	SELECTED	first31 additional WGS paired runs in accession order
SRR29908791	SAMN42721559	SRS22066894	PRJNA1138464	SRP521244	SRX25404357	Vigna angularis	WGS	PAIRED	GENOMIC	size fractionation	ILLUMINA	Illumina HiSeq X	34832884	10449865200	2539717769;2633021114	af51e5ed2d9c3735142eb5a02ef14a14;6c8409ea0152416b8a548bfffa3e126b	ftp.sra.ebi.ac.uk/vol1/fastq/SRR299/091/SRR29908791/SRR29908791_1.fastq.gz;ftp.sra.ebi.ac.uk/vol1/fastq/SRR299/091/SRR29908791/SRR29908791_2.fastq.gz	false	false	SELECTED	first31 additional WGS paired runs in accession order
SRR29908792	SAMN42721558	SRS22066893	PRJNA1138464	SRP521244	SRX25404356	Vigna angularis	WGS	PAIRED	GENOMIC	size fractionation	ILLUMINA	Illumina HiSeq X	36050861	10815258300	2624714766;2739783074	b90575e5d58ca4eced433b270cdc4a11;cbe26b8380fd444ff655af1cb763ec1f	ftp.sra.ebi.ac.uk/vol1/fastq/SRR299/092/SRR29908792/SRR29908792_1.fastq.gz;ftp.sra.ebi.ac.uk/vol1/fastq/SRR299/092/SRR29908792/SRR29908792_2.fastq.gz	false	false	SELECTED	first31 additional WGS paired runs in accession order
SRR29908793	SAMN42720964	SRS22066892	PRJNA1138464	SRP521244	SRX25404355	Vigna angularis	WGS	PAIRED	GENOMIC	size fractionation	ILLUMINA	Illumina HiSeq X	29365226	8809567800	2343607061;2522163860	45e3a1a3978a33cc26eab92adbbe5b29;2e420f7ba14a13e154a4c50ac6d77f84	ftp.sra.ebi.ac.uk/vol1/fastq/SRR299/093/SRR29908793/SRR29908793_1.fastq.gz;ftp.sra.ebi.ac.uk/vol1/fastq/SRR299/093/SRR29908793/SRR29908793_2.fastq.gz	false	false	SELECTED	first31 additional WGS paired runs in accession order
SRR29908794	SAMN42721557	SRS22066889	PRJNA1138464	SRP521244	SRX25404354	Vigna angularis	WGS	PAIRED	GENOMIC	size fractionation	ILLUMINA	Illumina HiSeq X	37421350	11226405000	2724164487;2852890191	44fa0e8da467ff09676aa9f6099ec58f;3ef68034c22bed7c7ee0aee89d6fec54	ftp.sra.ebi.ac.uk/vol1/fastq/SRR299/094/SRR29908794/SRR29908794_1.fastq.gz;ftp.sra.ebi.ac.uk/vol1/fastq/SRR299/094/SRR29908794/SRR29908794_2.fastq.gz	false	false	SELECTED	first31 additional WGS paired runs in accession order
SRR29908795	SAMN42721556	SRS22066891	PRJNA1138464	SRP521244	SRX25404353	Vigna angularis	WGS	PAIRED	GENOMIC	size fractionation	ILLUMINA	Illumina HiSeq X	36479975	10943992500	2657756215;2761307405	cd56b01455e13c62d8a2f861fb03193a;019a09db40424f1609f183f0f3893779	ftp.sra.ebi.ac.uk/vol1/fastq/SRR299/095/SRR29908795/SRR29908795_1.fastq.gz;ftp.sra.ebi.ac.uk/vol1/fastq/SRR299/095/SRR29908795/SRR29908795_2.fastq.gz	false	false	SELECTED	first31 additional WGS paired runs in accession order
SRR29908796	SAMN42721555	SRS22066890	PRJNA1138464	SRP521244	SRX25404352	Vigna angularis	WGS	PAIRED	GENOMIC	size fractionation	ILLUMINA	Illumina HiSeq X	32937115	9881134500	2435746872;2487717805	4eeaea845e4dfad7f45718320906f022;cae0f8185e0b7112b93ef7b731757f82	ftp.sra.ebi.ac.uk/vol1/fastq/SRR299/096/SRR29908796/SRR29908796_1.fastq.gz;ftp.sra.ebi.ac.uk/vol1/fastq/SRR299/096/SRR29908796/SRR29908796_2.fastq.gz	false	false	SELECTED	first31 additional WGS paired runs in accession order
SRR29908797	SAMN42721554	SRS22066888	PRJNA1138464	SRP521244	SRX25404351	Vigna angularis	WGS	PAIRED	GENOMIC	size fractionation	ILLUMINA	Illumina HiSeq X	32105555	9631666500	2379246854;2429262276	3338b5654f94e8fc766a47b1de4d9800;e578cfba615045ab8da9a8eccf584f0a	ftp.sra.ebi.ac.uk/vol1/fastq/SRR299/097/SRR29908797/SRR29908797_1.fastq.gz;ftp.sra.ebi.ac.uk/vol1/fastq/SRR299/097/SRR29908797/SRR29908797_2.fastq.gz	false	false	SELECTED	first31 additional WGS paired runs in accession order
SRR29908798	SAMN42721553	SRS22066887	PRJNA1138464	SRP521244	SRX25404350	Vigna angularis	WGS	PAIRED	GENOMIC	size fractionation	ILLUMINA	Illumina HiSeq X	23928787	7178636100	1789837091;1850885716	29596c0a97689dc0683fd0507925e63c;849a062c5dc2cf90c61b729cc87461e3	ftp.sra.ebi.ac.uk/vol1/fastq/SRR299/098/SRR29908798/SRR29908798_1.fastq.gz;ftp.sra.ebi.ac.uk/vol1/fastq/SRR299/098/SRR29908798/SRR29908798_2.fastq.gz	false	false	SELECTED	first31 additional WGS paired runs in accession order
SRR29908799	SAMN42721552	SRS22066885	PRJNA1138464	SRP521244	SRX25404349	Vigna angularis	WGS	PAIRED	GENOMIC	size fractionation	ILLUMINA	Illumina HiSeq X	30790291	9237087300	2264517677;2300387115	1a1a1f4536ff265db932fc3f08524abe;0c1e85d89a04e13224cd626bae3039e2	ftp.sra.ebi.ac.uk/vol1/fastq/SRR299/099/SRR29908799/SRR29908799_1.fastq.gz;ftp.sra.ebi.ac.uk/vol1/fastq/SRR299/099/SRR29908799/SRR29908799_2.fastq.gz	false	false	SELECTED	first31 additional WGS paired runs in accession order
SRR29908800	SAMN42721551	SRS22066886	PRJNA1138464	SRP521244	SRX25404348	Vigna angularis	WGS	PAIRED	GENOMIC	size fractionation	ILLUMINA	Illumina HiSeq X	32405239	9721571700	2398338804;2459108561	28132d1abaccd659b8e7037a877cdfc2;81703c3e5ab69df2c1eab1b66522a1c4	ftp.sra.ebi.ac.uk/vol1/fastq/SRR299/000/SRR29908800/SRR29908800_1.fastq.gz;ftp.sra.ebi.ac.uk/vol1/fastq/SRR299/000/SRR29908800/SRR29908800_2.fastq.gz	false	false	SELECTED	first31 additional WGS paired runs in accession order
SRR29908801	SAMN42721550	SRS22066884	PRJNA1138464	SRP521244	SRX25404347	Vigna angularis	WGS	PAIRED	GENOMIC	size fractionation	ILLUMINA	Illumina HiSeq X	29166543	8749962900	2174862016;2255715787	d1fa7ba64c766b648d119d2d2964a736;a4c863af327d24cc5f61f9bd0fcaebce	ftp.sra.ebi.ac.uk/vol1/fastq/SRR299/001/SRR29908801/SRR29908801_1.fastq.gz;ftp.sra.ebi.ac.uk/vol1/fastq/SRR299/001/SRR29908801/SRR29908801_2.fastq.gz	false	false	SELECTED	first31 additional WGS paired runs in accession order
SRR29908802	SAMN42721549	SRS22066883	PRJNA1138464	SRP521244	SRX25404346	Vigna angularis	WGS	PAIRED	GENOMIC	size fractionation	ILLUMINA	Illumina HiSeq X	38080685	11424205500	2814687977;2861625842	0105a76abac5e50837ab5b894b31b759;2cc2fa7b8481d0cbafece56bb007f084	ftp.sra.ebi.ac.uk/vol1/fastq/SRR299/002/SRR29908802/SRR29908802_1.fastq.gz;ftp.sra.ebi.ac.uk/vol1/fastq/SRR299/002/SRR29908802/SRR29908802_2.fastq.gz	false	false	SELECTED	first31 additional WGS paired runs in accession order
SRR29908803	SAMN42721548	SRS22066882	PRJNA1138464	SRP521244	SRX25404345	Vigna angularis	WGS	PAIRED	GENOMIC	size fractionation	ILLUMINA	Illumina HiSeq X	31757639	9527291700	2326604491;2460396769	066b6fe879fcb7cf004ab748d0103170;f145d9def9db854b2ef41be0994e9530	ftp.sra.ebi.ac.uk/vol1/fastq/SRR299/003/SRR29908803/SRR29908803_1.fastq.gz;ftp.sra.ebi.ac.uk/vol1/fastq/SRR299/003/SRR29908803/SRR29908803_2.fastq.gz	false	false	SELECTED	first31 additional WGS paired runs in accession order
SRR29908804	SAMN42720963	SRS22066881	PRJNA1138464	SRP521244	SRX25404344	Vigna angularis	WGS	PAIRED	GENOMIC	size fractionation	ILLUMINA	Illumina HiSeq X	24907821	7472346300	1994733752;2165448842	eb74318c7d049e9c6a578c1533c5f165;6d31c3308fa09c89a6a123c7580d66f3	ftp.sra.ebi.ac.uk/vol1/fastq/SRR299/004/SRR29908804/SRR29908804_1.fastq.gz;ftp.sra.ebi.ac.uk/vol1/fastq/SRR299/004/SRR29908804/SRR29908804_2.fastq.gz	false	false	SELECTED	first31 additional WGS paired runs in accession order
SRR29908805	SAMN42721547	SRS22066880	PRJNA1138464	SRP521244	SRX25404343	Vigna angularis	WGS	PAIRED	GENOMIC	size fractionation	ILLUMINA	Illumina HiSeq X	41833581	12550074300	3035174633;3173588638	2b007f09c01259039ddb02cb77b89e8f;71f63de9f9379540cf8e06728bc6b8fa	ftp.sra.ebi.ac.uk/vol1/fastq/SRR299/005/SRR29908805/SRR29908805_1.fastq.gz;ftp.sra.ebi.ac.uk/vol1/fastq/SRR299/005/SRR29908805/SRR29908805_2.fastq.gz	false	false	SELECTED	first31 additional WGS paired runs in accession order
SRR29908806	SAMN42721546	SRS22066879	PRJNA1138464	SRP521244	SRX25404342	Vigna angularis	WGS	PAIRED	GENOMIC	size fractionation	ILLUMINA	Illumina HiSeq X	49140819	14742245700	3560494787;3700235563	c3089aba4f648eedd80a650a5350e072;5a31438ee72656fb63e1ae27ec830ed9	ftp.sra.ebi.ac.uk/vol1/fastq/SRR299/006/SRR29908806/SRR29908806_1.fastq.gz;ftp.sra.ebi.ac.uk/vol1/fastq/SRR299/006/SRR29908806/SRR29908806_2.fastq.gz	false	false	SELECTED	first31 additional WGS paired runs in accession order
SRR29908807	SAMN42721545	SRS22066878	PRJNA1138464	SRP521244	SRX25404341	Vigna angularis	WGS	PAIRED	GENOMIC	size fractionation	ILLUMINA	Illumina HiSeq X	42196620	12658986000	3061480599;3170421925	fc6cc4da173bf6ff5767966ee0b919d5;25b7b731a03982789bf8a53b7e8dd6d2	ftp.sra.ebi.ac.uk/vol1/fastq/SRR299/007/SRR29908807/SRR29908807_1.fastq.gz;ftp.sra.ebi.ac.uk/vol1/fastq/SRR299/007/SRR29908807/SRR29908807_2.fastq.gz	false	false	SELECTED	first31 additional WGS paired runs in accession order
SRR29908808	SAMN42721544	SRS22066876	PRJNA1138464	SRP521244	SRX25404340	Vigna angularis	WGS	PAIRED	GENOMIC	size fractionation	ILLUMINA	Illumina HiSeq X	31815000	9544500000	2323450605;2442795551	5930b08b18f859bba8684ce374c7b944;beaa97393a4cd80d46ff3594a5dbaae1	ftp.sra.ebi.ac.uk/vol1/fastq/SRR299/008/SRR29908808/SRR29908808_1.fastq.gz;ftp.sra.ebi.ac.uk/vol1/fastq/SRR299/008/SRR29908808/SRR29908808_2.fastq.gz	false	false	SELECTED	first31 additional WGS paired runs in accession order
SRR29908809	SAMN42721226	SRS22066877	PRJNA1138464	SRP521244	SRX25404339	Vigna angularis	RAD-Seq	SINGLE	GENOMIC	Restriction Digest	ILLUMINA	Illumina HiSeq 2500	2827736	234702088	111559942	4bb0485630602fcb92d2105d6db50c0f	ftp.sra.ebi.ac.uk/vol1/fastq/SRR299/009/SRR29908809/SRR29908809.fastq.gz	false	false	EXCLUDED	not WGS paired-end
SRR29908810	SAMN42721225	SRS22066875	PRJNA1138464	SRP521244	SRX25404338	Vigna angularis	WGS	PAIRED	GENOMIC	size fractionation	ILLUMINA	Illumina HiSeq X	20606169	6181850700	1720819272;2013139231	f13bc4226e002592ca5f2f2f608bcafa;1798facaa849f3c992219ca61e228c74	ftp.sra.ebi.ac.uk/vol1/fastq/SRR299/010/SRR29908810/SRR29908810_1.fastq.gz;ftp.sra.ebi.ac.uk/vol1/fastq/SRR299/010/SRR29908810/SRR29908810_2.fastq.gz	false	false	SELECTED	first31 additional WGS paired runs in accession order
SRR29908811	SAMN42721224	SRS22066874	PRJNA1138464	SRP521244	SRX25404337	Vigna angularis	RAD-Seq	SINGLE	GENOMIC	Restriction Digest	ILLUMINA	Illumina HiSeq 2500	2792795	231801985	111851981	8a8744a2958961af5484295f5b64ff7c	ftp.sra.ebi.ac.uk/vol1/fastq/SRR299/011/SRR29908811/SRR29908811.fastq.gz	false	false	EXCLUDED	not WGS paired-end
SRR29908812	SAMN42721223	SRS22066872	PRJNA1138464	SRP521244	SRX25404336	Vigna angularis	RAD-Seq	SINGLE	GENOMIC	Restriction Digest	ILLUMINA	Illumina HiSeq 2500	2742777	227650491	108793130	a529731cd59f286d4a6a2cc330210947	ftp.sra.ebi.ac.uk/vol1/fastq/SRR299/012/SRR29908812/SRR29908812.fastq.gz	false	false	EXCLUDED	not WGS paired-end
SRR29908813	SAMN42721222	SRS22066873	PRJNA1138464	SRP521244	SRX25404335	Vigna angularis	RAD-Seq	SINGLE	GENOMIC	Restriction Digest	ILLUMINA	Illumina HiSeq 2500	2777415	230525445	107208023	8ad862b6b83e1f7a1a2248695e5145a2	ftp.sra.ebi.ac.uk/vol1/fastq/SRR299/013/SRR29908813/SRR29908813.fastq.gz	false	false	EXCLUDED	not WGS paired-end
SRR29908814	SAMN42721221	SRS22066871	PRJNA1138464	SRP521244	SRX25404334	Vigna angularis	WGS	PAIRED	GENOMIC	size fractionation	ILLUMINA	Illumina HiSeq X	23428416	7028524800	1874605136;1975472554	424be8722d1df08cf535a6963b092483;8ca5da005f3fa0054767a93179bd6594	ftp.sra.ebi.ac.uk/vol1/fastq/SRR299/014/SRR29908814/SRR29908814_1.fastq.gz;ftp.sra.ebi.ac.uk/vol1/fastq/SRR299/014/SRR29908814/SRR29908814_2.fastq.gz	false	false	SELECTED	first31 additional WGS paired runs in accession order
SRR29908815	SAMN42721220	SRS22066870	PRJNA1138464	SRP521244	SRX25404333	Vigna angularis	RAD-Seq	SINGLE	GENOMIC	Restriction Digest	ILLUMINA	Illumina HiSeq 2500	2865651	237849033	114400052	7bf24603ecf3e70abb5b376c7619ea0d	ftp.sra.ebi.ac.uk/vol1/fastq/SRR299/015/SRR29908815/SRR29908815.fastq.gz	false	false	EXCLUDED	not WGS paired-end
SRR29908816	SAMN42721219	SRS22066869	PRJNA1138464	SRP521244	SRX25404332	Vigna angularis	RAD-Seq	SINGLE	GENOMIC	Restriction Digest	ILLUMINA	Illumina HiSeq 2500	2928307	243049481	115675342	4419f7aa21aa2bb101218c898599296c	ftp.sra.ebi.ac.uk/vol1/fastq/SRR299/016/SRR29908816/SRR29908816.fastq.gz	false	false	EXCLUDED	not WGS paired-end
SRR29908817	SAMN42721218	SRS22066867	PRJNA1138464	SRP521244	SRX25404331	Vigna angularis	RAD-Seq	SINGLE	GENOMIC	Restriction Digest	ILLUMINA	Illumina HiSeq 2500	2721862	225914546	109813401	01bb701ff2559acfef84fbe083dfcc80	ftp.sra.ebi.ac.uk/vol1/fastq/SRR299/017/SRR29908817/SRR29908817.fastq.gz	false	false	EXCLUDED	not WGS paired-end
SRR29908818	SAMN42720930	SRS22066868	PRJNA1138464	SRP521244	SRX25404330	Vigna angularis	WGS	PAIRED	GENOMIC	size fractionation	ILLUMINA	Illumina HiSeq X	28693135	8607940500	2278641918;2612001760	6d201ed8c903ee8f06f3c9c4cb33db62;b0713d3191a69934ed482cebc16710b7	ftp.sra.ebi.ac.uk/vol1/fastq/SRR299/018/SRR29908818/SRR29908818_1.fastq.gz;ftp.sra.ebi.ac.uk/vol1/fastq/SRR299/018/SRR29908818/SRR29908818_2.fastq.gz	false	false	SELECTED	first31 additional WGS paired runs in accession order
SRR29908819	SAMN42721217	SRS22066866	PRJNA1138464	SRP521244	SRX25404329	Vigna angularis	RAD-Seq	SINGLE	GENOMIC	Restriction Digest	ILLUMINA	Illumina HiSeq 2500	2826030	234560490	110085354	3ceef5e868ad8cf6de42fbf9f4ee3e89	ftp.sra.ebi.ac.uk/vol1/fastq/SRR299/019/SRR29908819/SRR29908819.fastq.gz	false	false	EXCLUDED	not WGS paired-end
SRR29908820	SAMN42721216	SRS22066865	PRJNA1138464	SRP521244	SRX25404328	Vigna angularis	RAD-Seq	SINGLE	GENOMIC	Restriction Digest	ILLUMINA	Illumina HiSeq 2500	2019814	167644562	78245333	9f6e0189f5341b06594ed0f7af8c8ecc	ftp.sra.ebi.ac.uk/vol1/fastq/SRR299/020/SRR29908820/SRR29908820.fastq.gz	false	false	EXCLUDED	not WGS paired-end
SRR29908821	SAMN42721215	SRS22066864	PRJNA1138464	SRP521244	SRX25404327	Vigna angularis	RAD-Seq	SINGLE	GENOMIC	Restriction Digest	ILLUMINA	Illumina HiSeq 2500	2727945	226419435	106488935	f7541856133537ae741697aa9c09f8e2	ftp.sra.ebi.ac.uk/vol1/fastq/SRR299/021/SRR29908821/SRR29908821.fastq.gz	false	false	EXCLUDED	not WGS paired-end
SRR29908822	SAMN42721214	SRS22066863	PRJNA1138464	SRP521244	SRX25404326	Vigna angularis	WGS	PAIRED	GENOMIC	size fractionation	ILLUMINA	Illumina HiSeq X	20410053	6123015900	1716939305;1909502473	88f40dcf63ff48a034365db52eb7334d;f7c282a275a38d0b8d9b5cdacb1b5961	ftp.sra.ebi.ac.uk/vol1/fastq/SRR299/022/SRR29908822/SRR29908822_1.fastq.gz;ftp.sra.ebi.ac.uk/vol1/fastq/SRR299/022/SRR29908822/SRR29908822_2.fastq.gz	false	false	SELECTED	first31 additional WGS paired runs in accession order
SRR29908823	SAMN42721213	SRS22066862	PRJNA1138464	SRP521244	SRX25404325	Vigna angularis	WGS	PAIRED	GENOMIC	size fractionation	ILLUMINA	Illumina HiSeq X	27420994	8226298200	2214677287;2545781227	f7826101c06dca6d223a3bd61068c809;d9ca42c2e1d74ef3545d33b24a0d2b49	ftp.sra.ebi.ac.uk/vol1/fastq/SRR299/023/SRR29908823/SRR29908823_1.fastq.gz;ftp.sra.ebi.ac.uk/vol1/fastq/SRR299/023/SRR29908823/SRR29908823_2.fastq.gz	false	false	SELECTED	first31 additional WGS paired runs in accession order
SRR29908824	SAMN42721212	SRS22066861	PRJNA1138464	SRP521244	SRX25404324	Vigna angularis	WGS	PAIRED	GENOMIC	size fractionation	ILLUMINA	Illumina HiSeq X	25513097	7653929100	2058678933;2311788459	6516317c8ea7a1342ef3cabe980c9d46;98f462394610fafe1ee77c83d2d2995d	ftp.sra.ebi.ac.uk/vol1/fastq/SRR299/024/SRR29908824/SRR29908824_1.fastq.gz;ftp.sra.ebi.ac.uk/vol1/fastq/SRR299/024/SRR29908824/SRR29908824_2.fastq.gz	false	false	SELECTED	first31 additional WGS paired runs in accession order
SRR29908825	SAMN42721211	SRS22066860	PRJNA1138464	SRP521244	SRX25404323	Vigna angularis	WGS	PAIRED	GENOMIC	size fractionation	ILLUMINA	Illumina HiSeq X	24842526	7452757800	2089350898;2303801050	58fc58c9d6aa2ac37c0229af2da67e0f;48c2c9c28af1d99022caeb7dc08ec094	ftp.sra.ebi.ac.uk/vol1/fastq/SRR299/025/SRR29908825/SRR29908825_1.fastq.gz;ftp.sra.ebi.ac.uk/vol1/fastq/SRR299/025/SRR29908825/SRR29908825_2.fastq.gz	false	false	SELECTED	first31 additional WGS paired runs in accession order
SRR29908826	SAMN42721210	SRS22066858	PRJNA1138464	SRP521244	SRX25404322	Vigna angularis	WGS	PAIRED	GENOMIC	size fractionation	ILLUMINA	Illumina HiSeq X	29028613	8708583900	2354675497;2673074787	95a8209bbef7d7a3e3b19c65b2ace16d;839c033f45830234bbef34ec3b2125f1	ftp.sra.ebi.ac.uk/vol1/fastq/SRR299/026/SRR29908826/SRR29908826_1.fastq.gz;ftp.sra.ebi.ac.uk/vol1/fastq/SRR299/026/SRR29908826/SRR29908826_2.fastq.gz	false	false	SELECTED	first31 additional WGS paired runs in accession order
SRR29908827	SAMN42721209	SRS22066859	PRJNA1138464	SRP521244	SRX25404321	Vigna angularis	WGS	PAIRED	GENOMIC	size fractionation	ILLUMINA	Illumina HiSeq X	27340554	8202166200	2208918201;2535320923	00d0adbb754779a2a77fc4ea3aa4b87b;7f22ce35ca73324152cc12c3563d5878	ftp.sra.ebi.ac.uk/vol1/fastq/SRR299/027/SRR29908827/SRR29908827_1.fastq.gz;ftp.sra.ebi.ac.uk/vol1/fastq/SRR299/027/SRR29908827/SRR29908827_2.fastq.gz	false	false	SELECTED	first31 additional WGS paired runs in accession order
SRR29908828	SAMN42721208	SRS22066857	PRJNA1138464	SRP521244	SRX25404320	Vigna angularis	WGS	PAIRED	GENOMIC	size fractionation	ILLUMINA	Illumina HiSeq X	26840420	8052126000	2181522933;2471924191	33f788f125233de40b8c965d403ffc4d;023b19d426b7201511c5b8a15524ab0a	ftp.sra.ebi.ac.uk/vol1/fastq/SRR299/028/SRR29908828/SRR29908828_1.fastq.gz;ftp.sra.ebi.ac.uk/vol1/fastq/SRR299/028/SRR29908828/SRR29908828_2.fastq.gz	false	false	SELECTED	first31 additional WGS paired runs in accession order
SRR29908829	SAMN42720929	SRS22066856	PRJNA1138464	SRP521244	SRX25404319	Vigna angularis	WGS	PAIRED	GENOMIC	size fractionation	ILLUMINA	Illumina HiSeq X	27821771	8346531300	2241700464;2601439879	e1718facb32d5d8c96c3684d608430db;dc556275f8249bd428d34ed4c8d97cc5	ftp.sra.ebi.ac.uk/vol1/fastq/SRR299/029/SRR29908829/SRR29908829_1.fastq.gz;ftp.sra.ebi.ac.uk/vol1/fastq/SRR299/029/SRR29908829/SRR29908829_2.fastq.gz	false	false	SELECTED	first31 additional WGS paired runs in accession order
SRR29908830	SAMN42721207	SRS22066855	PRJNA1138464	SRP521244	SRX25404318	Vigna angularis	RAD-Seq	SINGLE	GENOMIC	Restriction Digest	ILLUMINA	Illumina HiSeq 2500	2826240	234577920	111149350	553af25af3e07c3fc33396ab204a8db8	ftp.sra.ebi.ac.uk/vol1/fastq/SRR299/030/SRR29908830/SRR29908830.fastq.gz	false	false	EXCLUDED	not WGS paired-end
SRR29908831	SAMN42721206	SRS22066854	PRJNA1138464	SRP521244	SRX25404317	Vigna angularis	RAD-Seq	SINGLE	GENOMIC	Restriction Digest	ILLUMINA	Illumina HiSeq 2500	2715793	225410819	106423653	d15624076b879cc7964015e903935b44	ftp.sra.ebi.ac.uk/vol1/fastq/SRR299/031/SRR29908831/SRR29908831.fastq.gz	false	false	EXCLUDED	not WGS paired-end
SRR29908832	SAMN42721205	SRS22066853	PRJNA1138464	SRP521244	SRX25404316	Vigna angularis	WGS	PAIRED	GENOMIC	size fractionation	ILLUMINA	Illumina HiSeq X	22529555	6758866500	1898041698;2100170339	ec5aa92b09db349ece821a10b2537d59;409bfa9d691408af7c2df4218112a034	ftp.sra.ebi.ac.uk/vol1/fastq/SRR299/032/SRR29908832/SRR29908832_1.fastq.gz;ftp.sra.ebi.ac.uk/vol1/fastq/SRR299/032/SRR29908832/SRR29908832_2.fastq.gz	false	false	EXCLUDED	outside frozen51 cohort
SRR29908833	SAMN42721204	SRS22066852	PRJNA1138464	SRP521244	SRX25404315	Vigna angularis	RAD-Seq	SINGLE	GENOMIC	Restriction Digest	ILLUMINA	Illumina HiSeq 2500	2884620	239423460	111880060	ec57a2c3e2f54e42e84296d4c1de9b58	ftp.sra.ebi.ac.uk/vol1/fastq/SRR299/033/SRR29908833/SRR29908833.fastq.gz	false	false	EXCLUDED	not WGS paired-end
SRR29908834	SAMN42721203	SRS22066851	PRJNA1138464	SRP521244	SRX25404314	Vigna angularis	WGS	PAIRED	GENOMIC	size fractionation	ILLUMINA	Illumina HiSeq X	22507957	6752387100	1801795493;2004677218	7e330c0483dab0e523234ccb6b7d346f;738f3028b843ed9849964aa06c2283b6	ftp.sra.ebi.ac.uk/vol1/fastq/SRR299/034/SRR29908834/SRR29908834_1.fastq.gz;ftp.sra.ebi.ac.uk/vol1/fastq/SRR299/034/SRR29908834/SRR29908834_2.fastq.gz	false	false	EXCLUDED	outside frozen51 cohort
SRR29908835	SAMN42721202	SRS22066850	PRJNA1138464	SRP521244	SRX25404313	Vigna angularis	WGS	PAIRED	GENOMIC	size fractionation	ILLUMINA	Illumina HiSeq X	24788783	7436634900	2004192846;2226564221	874449b9c10405df1e777f6c869e6302;6a57e48936f61a4eca23fd1a66c873fc	ftp.sra.ebi.ac.uk/vol1/fastq/SRR299/035/SRR29908835/SRR29908835_1.fastq.gz;ftp.sra.ebi.ac.uk/vol1/fastq/SRR299/035/SRR29908835/SRR29908835_2.fastq.gz	false	false	EXCLUDED	outside frozen51 cohort
SRR29908836	SAMN42721201	SRS22066849	PRJNA1138464	SRP521244	SRX25404312	Vigna angularis	WGS	PAIRED	GENOMIC	size fractionation	ILLUMINA	Illumina HiSeq X	19610446	5883133800	1587074697;1787599267	b114bc7d20ab8a48ae24c51d511c3ec6;06dc0a0e7bad5a16a805466600c62be8	ftp.sra.ebi.ac.uk/vol1/fastq/SRR299/036/SRR29908836/SRR29908836_1.fastq.gz;ftp.sra.ebi.ac.uk/vol1/fastq/SRR299/036/SRR29908836/SRR29908836_2.fastq.gz	true	true	SELECTED	existing20 public cohort
SRR29908837	SAMN42721200	SRS22066848	PRJNA1138464	SRP521244	SRX25404311	Vigna angularis	WGS	PAIRED	GENOMIC	size fractionation	ILLUMINA	Illumina HiSeq X	31363701	9409110300	2580759691;2853044476	cc9ef0cd91b27b488562e15eb88afe78;c8d62e3211543a5105cd2928e0b86d82	ftp.sra.ebi.ac.uk/vol1/fastq/SRR299/037/SRR29908837/SRR29908837_1.fastq.gz;ftp.sra.ebi.ac.uk/vol1/fastq/SRR299/037/SRR29908837/SRR29908837_2.fastq.gz	false	false	EXCLUDED	outside frozen51 cohort
SRR29908838	SAMN42721199	SRS22066847	PRJNA1138464	SRP521244	SRX25404310	Vigna angularis	WGS	PAIRED	GENOMIC	size fractionation	ILLUMINA	Illumina HiSeq X	24167410	7250223000	2038182892;2209130028	3a9d08681c362dfd2cf188a9df3dd9c5;dd81f4bfca3f3e9fd90021f4d949a829	ftp.sra.ebi.ac.uk/vol1/fastq/SRR299/038/SRR29908838/SRR29908838_1.fastq.gz;ftp.sra.ebi.ac.uk/vol1/fastq/SRR299/038/SRR29908838/SRR29908838_2.fastq.gz	false	false	EXCLUDED	outside frozen51 cohort
SRR29908839	SAMN42721198	SRS22066846	PRJNA1138464	SRP521244	SRX25404309	Vigna angularis	RAD-Seq	SINGLE	GENOMIC	Restriction Digest	ILLUMINA	Illumina HiSeq 2500	2646150	219630450	103221731	8dd9aab987a6cf23b59d4a3888a94d07	ftp.sra.ebi.ac.uk/vol1/fastq/SRR299/039/SRR29908839/SRR29908839.fastq.gz	false	false	EXCLUDED	not WGS paired-end
SRR29908840	SAMN42720928	SRS22066844	PRJNA1138464	SRP521244	SRX25404308	Vigna angularis	WGS	PAIRED	GENOMIC	size fractionation	ILLUMINA	Illumina HiSeq X	34692773	10407831900	2772635956;3305365091	5525318f4937db46ecd8491ebbaa0351;87dc9e159a6b9691404ee4784afc18cf	ftp.sra.ebi.ac.uk/vol1/fastq/SRR299/040/SRR29908840/SRR29908840_1.fastq.gz;ftp.sra.ebi.ac.uk/vol1/fastq/SRR299/040/SRR29908840/SRR29908840_2.fastq.gz	false	false	EXCLUDED	outside frozen51 cohort
SRR29908841	SAMN42721168	SRS22066843	PRJNA1138464	SRP521244	SRX25404307	Vigna angularis	WGS	PAIRED	GENOMIC	size fractionation	ILLUMINA	Illumina HiSeq X	26998568	8099570400	2198344807;2615603345	d740eee5fde9530f4631be80900c660e;3aff1b2ec9cbc80e1e745e048dcb7b33	ftp.sra.ebi.ac.uk/vol1/fastq/SRR299/041/SRR29908841/SRR29908841_1.fastq.gz;ftp.sra.ebi.ac.uk/vol1/fastq/SRR299/041/SRR29908841/SRR29908841_2.fastq.gz	false	false	EXCLUDED	outside frozen51 cohort
SRR29908842	SAMN42720925	SRS22066845	PRJNA1138464	SRP521244	SRX25404306	Vigna angularis	WGS	PAIRED	GENOMIC	size fractionation	ILLUMINA	Illumina HiSeq X	35393983	10618194900	2829160102;3361553681	469862768083b3ec8554489722dc5255;5dc27a2a8c15117e27f5e55b0b55649f	ftp.sra.ebi.ac.uk/vol1/fastq/SRR299/042/SRR29908842/SRR29908842_1.fastq.gz;ftp.sra.ebi.ac.uk/vol1/fastq/SRR299/042/SRR29908842/SRR29908842_2.fastq.gz	false	false	EXCLUDED	outside frozen51 cohort
SRR29908843	SAMN42721167	SRS22066842	PRJNA1138464	SRP521244	SRX25404305	Vigna angularis	RAD-Seq	SINGLE	GENOMIC	Restriction Digest	ILLUMINA	Illumina HiSeq 2500	2878622	238925626	113138972	28fe5f6ea43260b9415c48d2dc4f99ce	ftp.sra.ebi.ac.uk/vol1/fastq/SRR299/043/SRR29908843/SRR29908843.fastq.gz	false	false	EXCLUDED	not WGS paired-end
SRR29908844	SAMN42721166	SRS22066841	PRJNA1138464	SRP521244	SRX25404304	Vigna angularis	RAD-Seq	SINGLE	GENOMIC	Restriction Digest	ILLUMINA	Illumina HiSeq 2500	2774529	230285907	107684546	b5848f9c89f0526188ace1fa6b2b9f82	ftp.sra.ebi.ac.uk/vol1/fastq/SRR299/044/SRR29908844/SRR29908844.fastq.gz	false	false	EXCLUDED	not WGS paired-end
SRR29908845	SAMN42721165	SRS22066840	PRJNA1138464	SRP521244	SRX25404303	Vigna angularis	RAD-Seq	SINGLE	GENOMIC	Restriction Digest	ILLUMINA	Illumina HiSeq 2500	2609207	216564181	103357594	d6812b30b147ffd2b817c483d550d385	ftp.sra.ebi.ac.uk/vol1/fastq/SRR299/045/SRR29908845/SRR29908845.fastq.gz	false	false	EXCLUDED	not WGS paired-end
SRR29908846	SAMN42721164	SRS22066839	PRJNA1138464	SRP521244	SRX25404302	Vigna angularis	RAD-Seq	SINGLE	GENOMIC	Restriction Digest	ILLUMINA	Illumina HiSeq 2500	2898745	240595835	113142252	969629758afde418971117c15dbd7fc7	ftp.sra.ebi.ac.uk/vol1/fastq/SRR299/046/SRR29908846/SRR29908846.fastq.gz	false	false	EXCLUDED	not WGS paired-end
SRR29908847	SAMN42721163	SRS22066838	PRJNA1138464	SRP521244	SRX25404301	Vigna angularis	RAD-Seq	SINGLE	GENOMIC	Restriction Digest	ILLUMINA	Illumina HiSeq 2500	2736993	227170419	105238610	961e19c617b44912cd79e010dc2d1229	ftp.sra.ebi.ac.uk/vol1/fastq/SRR299/047/SRR29908847/SRR29908847.fastq.gz	false	false	EXCLUDED	not WGS paired-end
SRR29908848	SAMN42721162	SRS22066837	PRJNA1138464	SRP521244	SRX25404300	Vigna angularis	WGS	PAIRED	GENOMIC	size fractionation	ILLUMINA	Illumina HiSeq X	23261689	6978506700	1957054672;2142328580	49cf7587a5c53ba54e9bc4d3969b474b;a318d9892e28c2a0ac2345c0ae2d76b4	ftp.sra.ebi.ac.uk/vol1/fastq/SRR299/048/SRR29908848/SRR29908848_1.fastq.gz;ftp.sra.ebi.ac.uk/vol1/fastq/SRR299/048/SRR29908848/SRR29908848_2.fastq.gz	false	false	EXCLUDED	outside frozen51 cohort
SRR29908849	SAMN42721161	SRS22066836	PRJNA1138464	SRP521244	SRX25404299	Vigna angularis	WGS	PAIRED	GENOMIC	size fractionation	ILLUMINA	Illumina HiSeq X	25239579	7571873700	2055072199;2467927981	fd8c00e7ad478c0e4161ff52152229de;2fc3bfbc526ae53cdf03e5d423a80ca1	ftp.sra.ebi.ac.uk/vol1/fastq/SRR299/049/SRR29908849/SRR29908849_1.fastq.gz;ftp.sra.ebi.ac.uk/vol1/fastq/SRR299/049/SRR29908849/SRR29908849_2.fastq.gz	false	false	EXCLUDED	outside frozen51 cohort
SRR29908850	SAMN42721160	SRS22066835	PRJNA1138464	SRP521244	SRX25404298	Vigna angularis	RAD-Seq	SINGLE	GENOMIC	Restriction Digest	ILLUMINA	Illumina HiSeq 2500	2839551	235682733	109511042	f6d623c953ad736bc15a01e718d3ea98	ftp.sra.ebi.ac.uk/vol1/fastq/SRR299/050/SRR29908850/SRR29908850.fastq.gz	false	false	EXCLUDED	not WGS paired-end
SRR29908851	SAMN42721159	SRS22066834	PRJNA1138464	SRP521244	SRX25404297	Vigna angularis	WGS	PAIRED	GENOMIC	size fractionation	ILLUMINA	Illumina HiSeq X	24154446	7246333800	1918780393;2189265247	a37c43b3f2c558c77e84fe907f6669d3;e4b8822f581f843d6acd7b35e9d6af50	ftp.sra.ebi.ac.uk/vol1/fastq/SRR299/051/SRR29908851/SRR29908851_1.fastq.gz;ftp.sra.ebi.ac.uk/vol1/fastq/SRR299/051/SRR29908851/SRR29908851_2.fastq.gz	false	false	EXCLUDED	outside frozen51 cohort
SRR29908852	SAMN42721158	SRS22066833	PRJNA1138464	SRP521244	SRX25404296	Vigna angularis	RAD-Seq	SINGLE	GENOMIC	Restriction Digest	ILLUMINA	Illumina HiSeq 2500	2848814	236451562	111807106	06a0cd48a420e361ccbd397caf158e55	ftp.sra.ebi.ac.uk/vol1/fastq/SRR299/052/SRR29908852/SRR29908852.fastq.gz	false	false	EXCLUDED	not WGS paired-end
SRR29908853	SAMN42720924	SRS22066832	PRJNA1138464	SRP521244	SRX25404295	Vigna angularis	WGS	PAIRED	GENOMIC	size fractionation	ILLUMINA	Illumina HiSeq X	31816459	9544937700	2530366760;2925338871	e7d8531f453d20cb866f7f51baa8a911;ab658446e807822922635764e23d199e	ftp.sra.ebi.ac.uk/vol1/fastq/SRR299/053/SRR29908853/SRR29908853_1.fastq.gz;ftp.sra.ebi.ac.uk/vol1/fastq/SRR299/053/SRR29908853/SRR29908853_2.fastq.gz	false	false	EXCLUDED	outside frozen51 cohort
SRR29908854	SAMN42721157	SRS22066831	PRJNA1138464	SRP521244	SRX25404294	Vigna angularis	WGS	PAIRED	GENOMIC	size fractionation	ILLUMINA	Illumina HiSeq X	27610779	8283233700	2188789944;2497805965	41865e5ac0f97faea40adc335d5142bc;3eb7e087fd166f7b35bde23ee1f13b00	ftp.sra.ebi.ac.uk/vol1/fastq/SRR299/054/SRR29908854/SRR29908854_1.fastq.gz;ftp.sra.ebi.ac.uk/vol1/fastq/SRR299/054/SRR29908854/SRR29908854_2.fastq.gz	false	false	EXCLUDED	outside frozen51 cohort
SRR29908855	SAMN42721156	SRS22066830	PRJNA1138464	SRP521244	SRX25404293	Vigna angularis	RAD-Seq	SINGLE	GENOMIC	Restriction Digest	ILLUMINA	Illumina HiSeq 2500	2860470	237419010	112817264	343b4c9bccf5497f1596b0545cd5f327	ftp.sra.ebi.ac.uk/vol1/fastq/SRR299/055/SRR29908855/SRR29908855.fastq.gz	false	false	EXCLUDED	not WGS paired-end
SRR29908856	SAMN42721155	SRS22066829	PRJNA1138464	SRP521244	SRX25404292	Vigna angularis	RAD-Seq	SINGLE	GENOMIC	Restriction Digest	ILLUMINA	Illumina HiSeq 2500	2700930	224177190	107739639	752a67a67741ce5a3d1c2a6d3c49abe7	ftp.sra.ebi.ac.uk/vol1/fastq/SRR299/056/SRR29908856/SRR29908856.fastq.gz	false	false	EXCLUDED	not WGS paired-end
SRR29908857	SAMN42721154	SRS22066828	PRJNA1138464	SRP521244	SRX25404291	Vigna angularis	RAD-Seq	SINGLE	GENOMIC	Restriction Digest	ILLUMINA	Illumina HiSeq 2500	2752097	228424051	105582133	39ff6f5b7770e0cec584d1195c2e9d37	ftp.sra.ebi.ac.uk/vol1/fastq/SRR299/057/SRR29908857/SRR29908857.fastq.gz	false	false	EXCLUDED	not WGS paired-end
SRR29908858	SAMN42721153	SRS22066826	PRJNA1138464	SRP521244	SRX25404290	Vigna angularis	RAD-Seq	SINGLE	GENOMIC	Restriction Digest	ILLUMINA	Illumina HiSeq 2500	2856115	237057545	113881531	7cb3b8c697d68d667a1d72d44dad2c6d	ftp.sra.ebi.ac.uk/vol1/fastq/SRR299/058/SRR29908858/SRR29908858.fastq.gz	false	false	EXCLUDED	not WGS paired-end
SRR29908859	SAMN42721152	SRS22066827	PRJNA1138464	SRP521244	SRX25404289	Vigna angularis	RAD-Seq	SINGLE	GENOMIC	Restriction Digest	ILLUMINA	Illumina HiSeq 2500	2879967	239037261	112703727	9672e40d040e982cdc1563c740ec03c2	ftp.sra.ebi.ac.uk/vol1/fastq/SRR299/059/SRR29908859/SRR29908859.fastq.gz	false	false	EXCLUDED	not WGS paired-end
SRR29908860	SAMN42721151	SRS22066825	PRJNA1138464	SRP521244	SRX25404288	Vigna angularis	RAD-Seq	SINGLE	GENOMIC	Restriction Digest	ILLUMINA	Illumina HiSeq 2500	2765687	229552021	107275618	07b64b34807ae8000bc19652368cc25a	ftp.sra.ebi.ac.uk/vol1/fastq/SRR299/060/SRR29908860/SRR29908860.fastq.gz	false	false	EXCLUDED	not WGS paired-end
SRR29908861	SAMN42721150	SRS22066823	PRJNA1138464	SRP521244	SRX25404287	Vigna angularis	RAD-Seq	SINGLE	GENOMIC	Restriction Digest	ILLUMINA	Illumina HiSeq 2500	2795312	232010896	108994275	a0983e622bc326c1f6555a8d455d38b7	ftp.sra.ebi.ac.uk/vol1/fastq/SRR299/061/SRR29908861/SRR29908861.fastq.gz	false	false	EXCLUDED	not WGS paired-end
SRR29908862	SAMN42721149	SRS22066822	PRJNA1138464	SRP521244	SRX25404286	Vigna angularis	WGS	PAIRED	GENOMIC	size fractionation	ILLUMINA	Illumina HiSeq X	28757022	8627106600	2273946521;2639885775	f16d065b6105ebaff4fcf634b4c478a5;ecfbad243684db5f09ff4a407a34bf3b	ftp.sra.ebi.ac.uk/vol1/fastq/SRR299/062/SRR29908862/SRR29908862_1.fastq.gz;ftp.sra.ebi.ac.uk/vol1/fastq/SRR299/062/SRR29908862/SRR29908862_2.fastq.gz	false	false	EXCLUDED	outside frozen51 cohort
SRR29908863	SAMN42721148	SRS22066824	PRJNA1138464	SRP521244	SRX25404285	Vigna angularis	RAD-Seq	SINGLE	GENOMIC	Restriction Digest	ILLUMINA	Illumina HiSeq 2500	2729914	226582862	106209220	1d6d8021f8e833300f7de11c275882de	ftp.sra.ebi.ac.uk/vol1/fastq/SRR299/063/SRR29908863/SRR29908863.fastq.gz	false	false	EXCLUDED	not WGS paired-end
SRR29908864	SAMN42720923	SRS22066821	PRJNA1138464	SRP521244	SRX25404284	Vigna angularis	WGS	PAIRED	GENOMIC	size fractionation	ILLUMINA	Illumina HiSeq X	44358765	13307629500	3526516345;4132042811	a905c56110a29ec2f3021fd0c839a844;e6450111d024d359e9d6a20d6949724f	ftp.sra.ebi.ac.uk/vol1/fastq/SRR299/064/SRR29908864/SRR29908864_1.fastq.gz;ftp.sra.ebi.ac.uk/vol1/fastq/SRR299/064/SRR29908864/SRR29908864_2.fastq.gz	false	false	EXCLUDED	outside frozen51 cohort
SRR29908865	SAMN42721147	SRS22066820	PRJNA1138464	SRP521244	SRX25404283	Vigna angularis	WGS	PAIRED	GENOMIC	size fractionation	ILLUMINA	Illumina HiSeq X	29083152	8724945600	2304556824;2614418828	9d32beb9716142e138b256cb54b58e49;aa697bff6bfb37f5fcdb7808b2571f14	ftp.sra.ebi.ac.uk/vol1/fastq/SRR299/065/SRR29908865/SRR29908865_1.fastq.gz;ftp.sra.ebi.ac.uk/vol1/fastq/SRR299/065/SRR29908865/SRR29908865_2.fastq.gz	false	false	EXCLUDED	outside frozen51 cohort
SRR29908866	SAMN42721146	SRS22066818	PRJNA1138464	SRP521244	SRX25404282	Vigna angularis	RAD-Seq	SINGLE	GENOMIC	Restriction Digest	ILLUMINA	Illumina HiSeq 2500	2803237	232668671	109097597	f63068281856e23eab588dee9bb7c7c8	ftp.sra.ebi.ac.uk/vol1/fastq/SRR299/066/SRR29908866/SRR29908866.fastq.gz	false	false	EXCLUDED	not WGS paired-end
SRR29908867	SAMN42721145	SRS22066819	PRJNA1138464	SRP521244	SRX25404281	Vigna angularis	RAD-Seq	SINGLE	GENOMIC	Restriction Digest	ILLUMINA	Illumina HiSeq 2500	2904769	241095827	112721113	0f3f11918611713ed04693f433c8f26a	ftp.sra.ebi.ac.uk/vol1/fastq/SRR299/067/SRR29908867/SRR29908867.fastq.gz	false	false	EXCLUDED	not WGS paired-end
SRR29908868	SAMN42721144	SRS22066817	PRJNA1138464	SRP521244	SRX25404280	Vigna angularis	WGS	PAIRED	GENOMIC	size fractionation	ILLUMINA	Illumina HiSeq X	26614240	7984272000	2116167874;2459669090	70e926f8c74e6b6f9b7a37dd436590f2;e6d11dc3647408570338f01434712212	ftp.sra.ebi.ac.uk/vol1/fastq/SRR299/068/SRR29908868/SRR29908868_1.fastq.gz;ftp.sra.ebi.ac.uk/vol1/fastq/SRR299/068/SRR29908868/SRR29908868_2.fastq.gz	false	false	EXCLUDED	outside frozen51 cohort
SRR29908869	SAMN42721143	SRS22066816	PRJNA1138464	SRP521244	SRX25404279	Vigna angularis	WGS	PAIRED	GENOMIC	size fractionation	ILLUMINA	Illumina HiSeq X	31534183	9460254900	2504071315;2898631696	5efcb051ea5845919e6df9207077c63c;3acd2b8385c415779be95be065fb8bb6	ftp.sra.ebi.ac.uk/vol1/fastq/SRR299/069/SRR29908869/SRR29908869_1.fastq.gz;ftp.sra.ebi.ac.uk/vol1/fastq/SRR299/069/SRR29908869/SRR29908869_2.fastq.gz	false	false	EXCLUDED	outside frozen51 cohort
SRR29908870	SAMN42721142	SRS22066814	PRJNA1138464	SRP521244	SRX25404278	Vigna angularis	RAD-Seq	SINGLE	GENOMIC	Restriction Digest	ILLUMINA	Illumina HiSeq 2500	2965412	246129196	116840039	59ab09efd73f37239c4c158508e942df	ftp.sra.ebi.ac.uk/vol1/fastq/SRR299/070/SRR29908870/SRR29908870.fastq.gz	false	false	EXCLUDED	not WGS paired-end
SRR29908871	SAMN42721141	SRS22066813	PRJNA1138464	SRP521244	SRX25404277	Vigna angularis	RAD-Seq	SINGLE	GENOMIC	Restriction Digest	ILLUMINA	Illumina HiSeq 2500	2831727	235033341	108265814	4cdb0b46ff98c6c4680fd821a8e475a2	ftp.sra.ebi.ac.uk/vol1/fastq/SRR299/071/SRR29908871/SRR29908871.fastq.gz	false	false	EXCLUDED	not WGS paired-end
SRR29908872	SAMN42721140	SRS22066815	PRJNA1138464	SRP521244	SRX25404276	Vigna angularis	RAD-Seq	SINGLE	GENOMIC	Restriction Digest	ILLUMINA	Illumina HiSeq 2500	2614254	216983082	107494910	30c4cbbd3eefa56f260d195d68619e03	ftp.sra.ebi.ac.uk/vol1/fastq/SRR299/072/SRR29908872/SRR29908872.fastq.gz	false	false	EXCLUDED	not WGS paired-end
SRR29908873	SAMN42720997	SRS22066812	PRJNA1138464	SRP521244	SRX25404275	Vigna angularis	WGS	PAIRED	GENOMIC	size fractionation	ILLUMINA	Illumina HiSeq X	27357302	8207190600	2171415899;2487249631	9e80a3e91d0f2120bc504e17348373d4;64678add64734d8620da32eca6f2646e	ftp.sra.ebi.ac.uk/vol1/fastq/SRR299/073/SRR29908873/SRR29908873_1.fastq.gz;ftp.sra.ebi.ac.uk/vol1/fastq/SRR299/073/SRR29908873/SRR29908873_2.fastq.gz	false	false	EXCLUDED	outside frozen51 cohort
SRR29908874	SAMN42720996	SRS22066811	PRJNA1138464	SRP521244	SRX25404274	Vigna angularis	WGS	PAIRED	GENOMIC	size fractionation	ILLUMINA	Illumina HiSeq X	31417093	9425127900	2506523599;2816866571	3bb136f2653a1ea8b9e48ce018a3ab2a;464e63001a040ae66c6e7916844218bf	ftp.sra.ebi.ac.uk/vol1/fastq/SRR299/074/SRR29908874/SRR29908874_1.fastq.gz;ftp.sra.ebi.ac.uk/vol1/fastq/SRR299/074/SRR29908874/SRR29908874_2.fastq.gz	false	false	EXCLUDED	outside frozen51 cohort
SRR29908875	SAMN42720995	SRS22066810	PRJNA1138464	SRP521244	SRX25404273	Vigna angularis	WGS	PAIRED	GENOMIC	size fractionation	ILLUMINA	Illumina HiSeq X	34138784	10241635200	2702048755;3163581703	5e6f6459223d7d6b7d49bc904f57017a;e4745666abdd67ca4b42f5911be83025	ftp.sra.ebi.ac.uk/vol1/fastq/SRR299/075/SRR29908875/SRR29908875_1.fastq.gz;ftp.sra.ebi.ac.uk/vol1/fastq/SRR299/075/SRR29908875/SRR29908875_2.fastq.gz	false	false	EXCLUDED	outside frozen51 cohort
SRR29908876	SAMN42720994	SRS22066809	PRJNA1138464	SRP521244	SRX25404272	Vigna angularis	RAD-Seq	SINGLE	GENOMIC	Restriction Digest	ILLUMINA	Illumina HiSeq 2500	2699879	224089957	104980921	ade92679e45d82572f122a4770afea6a	ftp.sra.ebi.ac.uk/vol1/fastq/SRR299/076/SRR29908876/SRR29908876.fastq.gz	false	false	EXCLUDED	not WGS paired-end
SRR29908877	SAMN42720993	SRS22066807	PRJNA1138464	SRP521244	SRX25404271	Vigna angularis	RAD-Seq	SINGLE	GENOMIC	Restriction Digest	ILLUMINA	Illumina HiSeq 2500	2667466	221399678	102307362	e99449b9c67e55b34eff6457b64f2216	ftp.sra.ebi.ac.uk/vol1/fastq/SRR299/077/SRR29908877/SRR29908877.fastq.gz	false	false	EXCLUDED	not WGS paired-end
SRR29908878	SAMN42720992	SRS22066808	PRJNA1138464	SRP521244	SRX25404270	Vigna angularis	WGS	PAIRED	GENOMIC	size fractionation	ILLUMINA	Illumina HiSeq X	27841585	8352475500	2207762674;2595647490	191caf6f67b05585a331dec30988a7b3;58945b8934de2ec713662f374f0b798a	ftp.sra.ebi.ac.uk/vol1/fastq/SRR299/078/SRR29908878/SRR29908878_1.fastq.gz;ftp.sra.ebi.ac.uk/vol1/fastq/SRR299/078/SRR29908878/SRR29908878_2.fastq.gz	false	false	EXCLUDED	outside frozen51 cohort
SRR29908879	SAMN42720991	SRS22066806	PRJNA1138464	SRP521244	SRX25404269	Vigna angularis	RAD-Seq	SINGLE	GENOMIC	Restriction Digest	ILLUMINA	Illumina HiSeq 2500	2742645	227639535	104066846	766802d26a9ef1b45fc9f5555514ae18	ftp.sra.ebi.ac.uk/vol1/fastq/SRR299/079/SRR29908879/SRR29908879.fastq.gz	false	false	EXCLUDED	not WGS paired-end
SRR29908880	SAMN42720990	SRS22066805	PRJNA1138464	SRP521244	SRX25404268	Vigna angularis	RAD-Seq	SINGLE	GENOMIC	Restriction Digest	ILLUMINA	Illumina HiSeq 2500	2848353	236413299	106965012	a6b47eba3f00e20abaf32f5747d4633a	ftp.sra.ebi.ac.uk/vol1/fastq/SRR299/080/SRR29908880/SRR29908880.fastq.gz	false	false	EXCLUDED	not WGS paired-end
SRR29908881	SAMN42720989	SRS22066804	PRJNA1138464	SRP521244	SRX25404267	Vigna angularis	RAD-Seq	SINGLE	GENOMIC	Restriction Digest	ILLUMINA	Illumina HiSeq 2500	2654465	220320595	104461134	66327aa024c469ffac20486ae7612f74	ftp.sra.ebi.ac.uk/vol1/fastq/SRR299/081/SRR29908881/SRR29908881.fastq.gz	false	false	EXCLUDED	not WGS paired-end
SRR29908882	SAMN42720988	SRS22066803	PRJNA1138464	SRP521244	SRX25404266	Vigna angularis	RAD-Seq	SINGLE	GENOMIC	Restriction Digest	ILLUMINA	Illumina HiSeq 2500	2726446	226295018	102087597	fffa8f4fdf8829423ff09463b9b4b9ff	ftp.sra.ebi.ac.uk/vol1/fastq/SRR299/082/SRR29908882/SRR29908882.fastq.gz	false	false	EXCLUDED	not WGS paired-end
SRR29908883	SAMN42720907	SRS22066802	PRJNA1138464	SRP521244	SRX25404265	Vigna angularis	WGS	PAIRED	GENOMIC	size fractionation	ILLUMINA	Illumina HiSeq X	31250309	9375092700	2496285177;2960439481	09122227539f6bab0ba4d79c64d72a23;659101ec9fd19327bf1302dcf3b5d317	ftp.sra.ebi.ac.uk/vol1/fastq/SRR299/083/SRR29908883/SRR29908883_1.fastq.gz;ftp.sra.ebi.ac.uk/vol1/fastq/SRR299/083/SRR29908883/SRR29908883_2.fastq.gz	false	false	EXCLUDED	outside frozen51 cohort
SRR29908884	SAMN42720987	SRS22066801	PRJNA1138464	SRP521244	SRX25404264	Vigna angularis	WGS	PAIRED	GENOMIC	size fractionation	ILLUMINA	Illumina HiSeq X	28306604	8491981200	2254563730;2663650866	7006280bf4cb648df5318531491dcf08;8ddd83fd82427c300ffb19ad933f2212	ftp.sra.ebi.ac.uk/vol1/fastq/SRR299/084/SRR29908884/SRR29908884_1.fastq.gz;ftp.sra.ebi.ac.uk/vol1/fastq/SRR299/084/SRR29908884/SRR29908884_2.fastq.gz	false	false	EXCLUDED	outside frozen51 cohort
SRR29908885	SAMN42721514	SRS22066799	PRJNA1138464	SRP521244	SRX25404263	Vigna angularis	WGS	PAIRED	GENOMIC	size fractionation	ILLUMINA	Illumina HiSeq X	54098873	16229661900	3909785359;3981761383	1bf52b3fa40239b14a8735c386e3209a;847003c586f92d1dd577bf249476ad0b	ftp.sra.ebi.ac.uk/vol1/fastq/SRR299/085/SRR29908885/SRR29908885_1.fastq.gz;ftp.sra.ebi.ac.uk/vol1/fastq/SRR299/085/SRR29908885/SRR29908885_2.fastq.gz	false	false	EXCLUDED	outside frozen51 cohort
SRR29908886	SAMN42721513	SRS22066800	PRJNA1138464	SRP521244	SRX25404262	Vigna angularis	WGS	PAIRED	GENOMIC	size fractionation	ILLUMINA	Illumina HiSeq X	33209221	9962766300	2409724200;2477050351	71ecbf60cf17f00cc5f9e8ecb99e46f3;0e260569c74b97d9e0056b811dc169d7	ftp.sra.ebi.ac.uk/vol1/fastq/SRR299/086/SRR29908886/SRR29908886_1.fastq.gz;ftp.sra.ebi.ac.uk/vol1/fastq/SRR299/086/SRR29908886/SRR29908886_2.fastq.gz	false	false	EXCLUDED	outside frozen51 cohort
SRR29908887	SAMN42721512	SRS22066798	PRJNA1138464	SRP521244	SRX25404261	Vigna angularis	WGS	PAIRED	GENOMIC	size fractionation	ILLUMINA	Illumina HiSeq X	15810758	4774848916	1239509757;1324183915	2d03f062590392c9c1dc74b419e7542d;7b323340266dac397e38ea49cd0d0bae	ftp.sra.ebi.ac.uk/vol1/fastq/SRR299/087/SRR29908887/SRR29908887_1.fastq.gz;ftp.sra.ebi.ac.uk/vol1/fastq/SRR299/087/SRR29908887/SRR29908887_2.fastq.gz	false	false	EXCLUDED	outside frozen51 cohort
SRR29908888	SAMN42721511	SRS22066797	PRJNA1138464	SRP521244	SRX25404260	Vigna angularis	WGS	PAIRED	GENOMIC	size fractionation	ILLUMINA	Illumina HiSeq X	21315945	6437415390	1678364563;1795217824	a32add068a3c9071285a114cd88529a4;fef18109e325b7d54a24e3a18f636f2b	ftp.sra.ebi.ac.uk/vol1/fastq/SRR299/088/SRR29908888/SRR29908888_1.fastq.gz;ftp.sra.ebi.ac.uk/vol1/fastq/SRR299/088/SRR29908888/SRR29908888_2.fastq.gz	true	true	SELECTED	existing20 public cohort
SRR29908889	SAMN42721510	SRS22066795	PRJNA1138464	SRP521244	SRX25404259	Vigna angularis	WGS	PAIRED	GENOMIC	size fractionation	ILLUMINA	Illumina HiSeq X	16470909	4974214518	1290532899;1379364558	a6e39f67e96e31647ab5817a8cfaeb3f;4a597905dd2d1120facc06e209df18d4	ftp.sra.ebi.ac.uk/vol1/fastq/SRR299/089/SRR29908889/SRR29908889_1.fastq.gz;ftp.sra.ebi.ac.uk/vol1/fastq/SRR299/089/SRR29908889/SRR29908889_2.fastq.gz	false	false	EXCLUDED	outside frozen51 cohort
SRR29908890	SAMN42721509	SRS22066794	PRJNA1138464	SRP521244	SRX25404258	Vigna angularis	WGS	PAIRED	GENOMIC	size fractionation	ILLUMINA	Illumina HiSeq X	44327206	13298161800	3203176649;3275744003	f89c67d7a93100e0febb98c8706e245b;ef0b70c8da82c76303ddc531dcf69857	ftp.sra.ebi.ac.uk/vol1/fastq/SRR299/090/SRR29908890/SRR29908890_1.fastq.gz;ftp.sra.ebi.ac.uk/vol1/fastq/SRR299/090/SRR29908890/SRR29908890_2.fastq.gz	false	false	EXCLUDED	outside frozen51 cohort
SRR29908891	SAMN42721508	SRS22066796	PRJNA1138464	SRP521244	SRX25404257	Vigna angularis	WGS	PAIRED	GENOMIC	size fractionation	ILLUMINA	Illumina HiSeq X	36536078	10960823400	2675151566;2764567178	0fe8bd40e16185629ee1ad35d1a810ea;87bec88fcecd2d9e8b8ab05969a1b434	ftp.sra.ebi.ac.uk/vol1/fastq/SRR299/091/SRR29908891/SRR29908891_1.fastq.gz;ftp.sra.ebi.ac.uk/vol1/fastq/SRR299/091/SRR29908891/SRR29908891_2.fastq.gz	false	false	EXCLUDED	outside frozen51 cohort
SRR29908892	SAMN42720959	SRS22066793	PRJNA1138464	SRP521244	SRX25404256	Vigna angularis	WGS	PAIRED	GENOMIC	size fractionation	ILLUMINA	Illumina HiSeq X	29458559	8837567700	2347440586;2518246384	7e9738c4b330edfd6e6471ba3f49e85e;dcf3b3a653f3b254daca24f14f6575c8	ftp.sra.ebi.ac.uk/vol1/fastq/SRR299/092/SRR29908892/SRR29908892_1.fastq.gz;ftp.sra.ebi.ac.uk/vol1/fastq/SRR299/092/SRR29908892/SRR29908892_2.fastq.gz	false	false	EXCLUDED	outside frozen51 cohort
SRR29908893	SAMN42721507	SRS22066791	PRJNA1138464	SRP521244	SRX25404255	Vigna angularis	WGS	PAIRED	GENOMIC	size fractionation	ILLUMINA	Illumina HiSeq X	40986511	12295953300	2996415175;3100534997	757de12979b531e274583c9ceaf834ae;ed79020e5fbdf16afb99ca7f7fe60590	ftp.sra.ebi.ac.uk/vol1/fastq/SRR299/093/SRR29908893/SRR29908893_1.fastq.gz;ftp.sra.ebi.ac.uk/vol1/fastq/SRR299/093/SRR29908893/SRR29908893_2.fastq.gz	false	false	EXCLUDED	outside frozen51 cohort
SRR29908894	SAMN42721506	SRS22066792	PRJNA1138464	SRP521244	SRX25404254	Vigna angularis	WGS	PAIRED	GENOMIC	size fractionation	ILLUMINA	Illumina HiSeq X	36722472	11016741600	2677651962;2762518834	80e71405b73aa7d7e18b8c5cbd2fc426;c1129a885a914800c7f7173e5c41417e	ftp.sra.ebi.ac.uk/vol1/fastq/SRR299/094/SRR29908894/SRR29908894_1.fastq.gz;ftp.sra.ebi.ac.uk/vol1/fastq/SRR299/094/SRR29908894/SRR29908894_2.fastq.gz	false	false	EXCLUDED	outside frozen51 cohort
SRR29908895	SAMN42721505	SRS22066790	PRJNA1138464	SRP521244	SRX25404253	Vigna angularis	WGS	PAIRED	GENOMIC	size fractionation	ILLUMINA	Illumina HiSeq X	35255252	10576575600	2574227932;2670272972	0d51fd18a8cd4ea03c7eb4dfbcb0f948;8a21fce079d08813eb0522440c4b5160	ftp.sra.ebi.ac.uk/vol1/fastq/SRR299/095/SRR29908895/SRR29908895_1.fastq.gz;ftp.sra.ebi.ac.uk/vol1/fastq/SRR299/095/SRR29908895/SRR29908895_2.fastq.gz	false	false	EXCLUDED	outside frozen51 cohort
SRR29908896	SAMN42721504	SRS22066789	PRJNA1138464	SRP521244	SRX25404252	Vigna angularis	WGS	PAIRED	GENOMIC	size fractionation	ILLUMINA	Illumina HiSeq X	24007906	7202371800	1755712379;1830202094	2f9d5fe2a6d707a72a64d01c3a2dea2f;c606d12521f7b20491d9b11abf61eaac	ftp.sra.ebi.ac.uk/vol1/fastq/SRR299/096/SRR29908896/SRR29908896_1.fastq.gz;ftp.sra.ebi.ac.uk/vol1/fastq/SRR299/096/SRR29908896/SRR29908896_2.fastq.gz	false	false	EXCLUDED	outside frozen51 cohort
SRR29908897	SAMN42721503	SRS22066788	PRJNA1138464	SRP521244	SRX25404251	Vigna angularis	WGS	PAIRED	GENOMIC	size fractionation	ILLUMINA	Illumina HiSeq X	26820020	8046006000	1944496759;2007860929	ef597178ae898f2b1b550127efb8d1fa;dcf0a63b43eab7bef93966bb6bd0788a	ftp.sra.ebi.ac.uk/vol1/fastq/SRR299/097/SRR29908897/SRR29908897_1.fastq.gz;ftp.sra.ebi.ac.uk/vol1/fastq/SRR299/097/SRR29908897/SRR29908897_2.fastq.gz	false	false	EXCLUDED	outside frozen51 cohort
SRR29908898	SAMN42721502	SRS22066786	PRJNA1138464	SRP521244	SRX25404250	Vigna angularis	WGS	PAIRED	GENOMIC	size fractionation	ILLUMINA	Illumina HiSeq X	30559271	9167781300	2254117994;2374714044	ae80dd82e3339b4593dc44d29f9bb2bd;08c1c5178b5074a02a625aa38e1b3f86	ftp.sra.ebi.ac.uk/vol1/fastq/SRR299/098/SRR29908898/SRR29908898_1.fastq.gz;ftp.sra.ebi.ac.uk/vol1/fastq/SRR299/098/SRR29908898/SRR29908898_2.fastq.gz	false	false	EXCLUDED	outside frozen51 cohort
SRR29908899	SAMN42721501	SRS22066787	PRJNA1138464	SRP521244	SRX25404249	Vigna angularis	WGS	PAIRED	GENOMIC	size fractionation	ILLUMINA	Illumina HiSeq X	44262207	13278662100	3216978365;3323444060	9dc9bed0f8bf069e22cdf0e006a051d8;1756d9036abf0d96c4b121509b350269	ftp.sra.ebi.ac.uk/vol1/fastq/SRR299/099/SRR29908899/SRR29908899_1.fastq.gz;ftp.sra.ebi.ac.uk/vol1/fastq/SRR299/099/SRR29908899/SRR29908899_2.fastq.gz	false	false	EXCLUDED	outside frozen51 cohort
SRR29908900	SAMN42721500	SRS22066785	PRJNA1138464	SRP521244	SRX25404248	Vigna angularis	WGS	PAIRED	GENOMIC	size fractionation	ILLUMINA	Illumina HiSeq X	40475357	12142607100	2959153866;3076584978	1a501cc730d8c5ea141a38c5e54fe2de;9575ceabb74cfe4ed062f5bb3b7a5412	ftp.sra.ebi.ac.uk/vol1/fastq/SRR299/000/SRR29908900/SRR29908900_1.fastq.gz;ftp.sra.ebi.ac.uk/vol1/fastq/SRR299/000/SRR29908900/SRR29908900_2.fastq.gz	false	false	EXCLUDED	outside frozen51 cohort
SRR29908901	SAMN42721499	SRS22066784	PRJNA1138464	SRP521244	SRX25404247	Vigna angularis	WGS	PAIRED	GENOMIC	size fractionation	ILLUMINA	Illumina HiSeq X	38607741	11582322300	2804767686;2888243689	dc01c57ef5e5557e3b02b329647c3fb1;a7200408eb27e315fbfbe4434fc0a7c1	ftp.sra.ebi.ac.uk/vol1/fastq/SRR299/001/SRR29908901/SRR29908901_1.fastq.gz;ftp.sra.ebi.ac.uk/vol1/fastq/SRR299/001/SRR29908901/SRR29908901_2.fastq.gz	false	false	EXCLUDED	outside frozen51 cohort
SRR29908902	SAMN42721498	SRS22066783	PRJNA1138464	SRP521244	SRX25404246	Vigna angularis	WGS	PAIRED	GENOMIC	size fractionation	ILLUMINA	Illumina HiSeq X	36588334	10976500200	2666014817;2768427369	32e243d30bf9760472c6a1386b6c035b;c2d36ed823740f597fc952be633f686b	ftp.sra.ebi.ac.uk/vol1/fastq/SRR299/002/SRR29908902/SRR29908902_1.fastq.gz;ftp.sra.ebi.ac.uk/vol1/fastq/SRR299/002/SRR29908902/SRR29908902_2.fastq.gz	false	false	EXCLUDED	outside frozen51 cohort
SRR29908903	SAMN42720958	SRS22066782	PRJNA1138464	SRP521244	SRX25404245	Vigna angularis	WGS	PAIRED	GENOMIC	size fractionation	ILLUMINA	Illumina HiSeq X	29404606	8821381800	2329247119;2466548469	91d7cd07f534bdfbc1046f430aa99e87;7fdece6977703e441bd229b9d951c793	ftp.sra.ebi.ac.uk/vol1/fastq/SRR299/003/SRR29908903/SRR29908903_1.fastq.gz;ftp.sra.ebi.ac.uk/vol1/fastq/SRR299/003/SRR29908903/SRR29908903_2.fastq.gz	false	false	EXCLUDED	outside frozen51 cohort
SRR29908904	SAMN42720904	SRS22066781	PRJNA1138464	SRP521244	SRX25404244	Vigna angularis	RAD-Seq	SINGLE	GENOMIC	Restriction Digest	ILLUMINA	Illumina HiSeq 2500	2413694	200336602	90557952	33786c767fa02e2227ccaa73e4bf3c1d	ftp.sra.ebi.ac.uk/vol1/fastq/SRR299/004/SRR29908904/SRR29908904.fastq.gz	false	false	EXCLUDED	not WGS paired-end
SRR29908905	SAMN42721497	SRS22066780	PRJNA1138464	SRP521244	SRX25404243	Vigna angularis	WGS	PAIRED	GENOMIC	size fractionation	ILLUMINA	Illumina HiSeq X	28491781	8547534300	2084877863;2181053628	34c7776b9f22566b0193f56958f6ef57;1cf04813d1b3121dc11bc9064cd4def3	ftp.sra.ebi.ac.uk/vol1/fastq/SRR299/005/SRR29908905/SRR29908905_1.fastq.gz;ftp.sra.ebi.ac.uk/vol1/fastq/SRR299/005/SRR29908905/SRR29908905_2.fastq.gz	false	false	EXCLUDED	outside frozen51 cohort
SRR29908906	SAMN42721496	SRS22066779	PRJNA1138464	SRP521244	SRX25404242	Vigna angularis	WGS	PAIRED	GENOMIC	size fractionation	ILLUMINA	Illumina HiSeq X	40855567	12256670100	2988221436;3096274292	0ea290d2e7b1e0b61d3e7f3e657f513d;20de9f5d4665c7f54692ba28593594c8	ftp.sra.ebi.ac.uk/vol1/fastq/SRR299/006/SRR29908906/SRR29908906_1.fastq.gz;ftp.sra.ebi.ac.uk/vol1/fastq/SRR299/006/SRR29908906/SRR29908906_2.fastq.gz	false	false	EXCLUDED	outside frozen51 cohort
SRR29908907	SAMN42721495	SRS22066778	PRJNA1138464	SRP521244	SRX25404241	Vigna nepalensis	WGS	PAIRED	GENOMIC	size fractionation	ILLUMINA	Illumina HiSeq X	40154064	12046219200	2903235087;2967939353	f24245d5bd3bfe9b571654e4dbd7880f;bdc97edf5a317779945dbbc189ffd6a2	ftp.sra.ebi.ac.uk/vol1/fastq/SRR299/007/SRR29908907/SRR29908907_1.fastq.gz;ftp.sra.ebi.ac.uk/vol1/fastq/SRR299/007/SRR29908907/SRR29908907_2.fastq.gz	false	false	EXCLUDED	outside frozen51 cohort
SRR29908908	SAMN42721494	SRS22066777	PRJNA1138464	SRP521244	SRX25404240	Vigna angularis	WGS	PAIRED	GENOMIC	size fractionation	ILLUMINA	Illumina HiSeq X	36553743	10966122900	2666216740;2764484040	1a7179fa29195f12608553cedaf1caf6;5671f243913d8977645459ea5bb7d125	ftp.sra.ebi.ac.uk/vol1/fastq/SRR299/008/SRR29908908/SRR29908908_1.fastq.gz;ftp.sra.ebi.ac.uk/vol1/fastq/SRR299/008/SRR29908908/SRR29908908_2.fastq.gz	false	false	EXCLUDED	outside frozen51 cohort
SRR29908909	SAMN42721493	SRS22066776	PRJNA1138464	SRP521244	SRX25404239	Vigna angularis	WGS	PAIRED	GENOMIC	size fractionation	ILLUMINA	Illumina HiSeq X	30248786	9074635800	2194476494;2261133016	b75eb500af17a0753d9aa2b17c5acb51;280c08c94267a07987439926b73ec872	ftp.sra.ebi.ac.uk/vol1/fastq/SRR299/009/SRR29908909/SRR29908909_1.fastq.gz;ftp.sra.ebi.ac.uk/vol1/fastq/SRR299/009/SRR29908909/SRR29908909_2.fastq.gz	false	false	EXCLUDED	outside frozen51 cohort
SRR29908910	SAMN42721492	SRS22066775	PRJNA1138464	SRP521244	SRX25404238	Vigna angularis	WGS	PAIRED	GENOMIC	size fractionation	ILLUMINA	Illumina HiSeq X	34935626	10480687800	2559379247;2656950754	20f30458d8dad71a1ef61feb6844173c;04064826f786d6362a8ba75eff4b5088	ftp.sra.ebi.ac.uk/vol1/fastq/SRR299/010/SRR29908910/SRR29908910_1.fastq.gz;ftp.sra.ebi.ac.uk/vol1/fastq/SRR299/010/SRR29908910/SRR29908910_2.fastq.gz	false	false	EXCLUDED	outside frozen51 cohort
SRR29908911	SAMN42721491	SRS22066773	PRJNA1138464	SRP521244	SRX25404237	Vigna angularis	WGS	PAIRED	GENOMIC	size fractionation	ILLUMINA	Illumina HiSeq X	35892820	10767846000	2612484405;2704726500	ceda079de2a0d2f97dabd22cecb21093;6eff1fa4caf277cee0e7ddeb34b4de51	ftp.sra.ebi.ac.uk/vol1/fastq/SRR299/011/SRR29908911/SRR29908911_1.fastq.gz;ftp.sra.ebi.ac.uk/vol1/fastq/SRR299/011/SRR29908911/SRR29908911_2.fastq.gz	false	false	EXCLUDED	outside frozen51 cohort
SRR29908912	SAMN42721490	SRS22066774	PRJNA1138464	SRP521244	SRX25404236	Vigna angularis	WGS	PAIRED	GENOMIC	size fractionation	ILLUMINA	Illumina HiSeq X	39200965	11760289500	2865702815;2988203429	4a0b7f4565f305ae01b28325ea3f2b51;8601fcbf43abcfd370151ff23d106896	ftp.sra.ebi.ac.uk/vol1/fastq/SRR299/012/SRR29908912/SRR29908912_1.fastq.gz;ftp.sra.ebi.ac.uk/vol1/fastq/SRR299/012/SRR29908912/SRR29908912_2.fastq.gz	false	false	EXCLUDED	outside frozen51 cohort
SRR29908913	SAMN42721489	SRS22066771	PRJNA1138464	SRP521244	SRX25404235	Vigna angularis	WGS	PAIRED	GENOMIC	size fractionation	ILLUMINA	Illumina HiSeq X	40838550	12251565000	2963442288;3068967126	ea14ad0459ab4ec9b400a2d2935e16c9;293dac82eccaec32da4556cb336e0bca	ftp.sra.ebi.ac.uk/vol1/fastq/SRR299/013/SRR29908913/SRR29908913_1.fastq.gz;ftp.sra.ebi.ac.uk/vol1/fastq/SRR299/013/SRR29908913/SRR29908913_2.fastq.gz	false	false	EXCLUDED	outside frozen51 cohort
SRR29908914	SAMN42721488	SRS22066772	PRJNA1138464	SRP521244	SRX25404234	Vigna angularis	WGS	PAIRED	GENOMIC	size fractionation	ILLUMINA	Illumina HiSeq X	35411895	10623568500	2578073604;2659146160	05ddba32ddd602e16b27fc31046975c9;74920f0e7c89a2ae5c347943b0c63786	ftp.sra.ebi.ac.uk/vol1/fastq/SRR299/014/SRR29908914/SRR29908914_1.fastq.gz;ftp.sra.ebi.ac.uk/vol1/fastq/SRR299/014/SRR29908914/SRR29908914_2.fastq.gz	false	false	EXCLUDED	outside frozen51 cohort
SRR29908915	SAMN42720957	SRS22066769	PRJNA1138464	SRP521244	SRX25404233	Vigna angularis	WGS	PAIRED	GENOMIC	size fractionation	ILLUMINA	Illumina HiSeq X	30248163	9074448900	2401300217;2548900065	e6b0e625f51991af60343437acfeea56;aaaef018af884aaf76c7f89f9ca2fcaf	ftp.sra.ebi.ac.uk/vol1/fastq/SRR299/015/SRR29908915/SRR29908915_1.fastq.gz;ftp.sra.ebi.ac.uk/vol1/fastq/SRR299/015/SRR29908915/SRR29908915_2.fastq.gz	false	false	EXCLUDED	outside frozen51 cohort
SRR29908916	SAMN42721487	SRS22066770	PRJNA1138464	SRP521244	SRX25404232	Vigna angularis	WGS	PAIRED	GENOMIC	size fractionation	ILLUMINA	Illumina HiSeq X	37244448	11173334400	2710103579;2804635917	b7dfae2f653b7fc77b1800e00637b3e9;59994bd6274d42d501d918eb60d53f17	ftp.sra.ebi.ac.uk/vol1/fastq/SRR299/016/SRR29908916/SRR29908916_1.fastq.gz;ftp.sra.ebi.ac.uk/vol1/fastq/SRR299/016/SRR29908916/SRR29908916_2.fastq.gz	false	false	EXCLUDED	outside frozen51 cohort
SRR29908917	SAMN42721370	SRS22066768	PRJNA1138464	SRP521244	SRX25404231	Vigna angularis	RAD-Seq	SINGLE	GENOMIC	Restriction Digest	ILLUMINA	Illumina HiSeq 2500	2564777	212876491	99448124	4e588c84644fc3d6203cba6b30a65663	ftp.sra.ebi.ac.uk/vol1/fastq/SRR299/017/SRR29908917/SRR29908917.fastq.gz	false	false	EXCLUDED	not WGS paired-end
SRR29908918	SAMN42721369	SRS22066767	PRJNA1138464	SRP521244	SRX25404230	Vigna angularis	WGS	PAIRED	GENOMIC	size fractionation	ILLUMINA	Illumina HiSeq X	25187869	7556360700	2055900083;2475040443	0cbcf9872934f18216f441e5c383093c;6a88ff9ed55a28eb3d10357994ba4a00	ftp.sra.ebi.ac.uk/vol1/fastq/SRR299/018/SRR29908918/SRR29908918_1.fastq.gz;ftp.sra.ebi.ac.uk/vol1/fastq/SRR299/018/SRR29908918/SRR29908918_2.fastq.gz	false	false	EXCLUDED	outside frozen51 cohort
SRR29908919	SAMN42721368	SRS22066766	PRJNA1138464	SRP521244	SRX25404229	Vigna angularis	RAD-Seq	SINGLE	GENOMIC	Restriction Digest	ILLUMINA	Illumina HiSeq 2500	2463880	204502040	97293734	b972f7390aca6af2ed10b6f0c7a79afc	ftp.sra.ebi.ac.uk/vol1/fastq/SRR299/019/SRR29908919/SRR29908919.fastq.gz	false	false	EXCLUDED	not WGS paired-end
SRR29908920	SAMN42720945	SRS22066765	PRJNA1138464	SRP521244	SRX25404228	Vigna angularis	WGS	PAIRED	GENOMIC	size fractionation	ILLUMINA	Illumina HiSeq X	28454938	8536481400	2259897574;2615533906	13b560064d145768c216384207507e4e;923bc56fac964df428daac0ecb0764d5	ftp.sra.ebi.ac.uk/vol1/fastq/SRR299/020/SRR29908920/SRR29908920_1.fastq.gz;ftp.sra.ebi.ac.uk/vol1/fastq/SRR299/020/SRR29908920/SRR29908920_2.fastq.gz	false	false	EXCLUDED	outside frozen51 cohort
SRR29908921	SAMN42721367	SRS22066764	PRJNA1138464	SRP521244	SRX25404227	Vigna angularis	WGS	PAIRED	GENOMIC	size fractionation	ILLUMINA	Illumina HiSeq X	20050838	6015251400	1814378938;1907584077	507bec8f63f462cfd18ecb94eb67ae88;ec6c3107b8cf7cfb22e78e08a5d74093	ftp.sra.ebi.ac.uk/vol1/fastq/SRR299/021/SRR29908921/SRR29908921_1.fastq.gz;ftp.sra.ebi.ac.uk/vol1/fastq/SRR299/021/SRR29908921/SRR29908921_2.fastq.gz	false	false	EXCLUDED	outside frozen51 cohort
SRR29908922	SAMN42721366	SRS22066763	PRJNA1138464	SRP521244	SRX25404226	Vigna angularis	RAD-Seq	SINGLE	GENOMIC	Restriction Digest	ILLUMINA	Illumina HiSeq 2500	2622439	217662437	102947158	fbea21746f73c688e20d13fea5b4b73e	ftp.sra.ebi.ac.uk/vol1/fastq/SRR299/022/SRR29908922/SRR29908922.fastq.gz	false	false	EXCLUDED	not WGS paired-end
SRR29908923	SAMN42721365	SRS22066762	PRJNA1138464	SRP521244	SRX25404225	Vigna angularis	RAD-Seq	SINGLE	GENOMIC	Restriction Digest	ILLUMINA	Illumina HiSeq 2500	2560246	212500418	99451057	0c407e311c8d3ee495b2d8999ce83f18	ftp.sra.ebi.ac.uk/vol1/fastq/SRR299/023/SRR29908923/SRR29908923.fastq.gz	false	false	EXCLUDED	not WGS paired-end
SRR29908924	SAMN42721364	SRS22066761	PRJNA1138464	SRP521244	SRX25404224	Vigna angularis	RAD-Seq	SINGLE	GENOMIC	Restriction Digest	ILLUMINA	Illumina HiSeq 2500	2458503	204055749	95574672	cdb2b84589f8cbe6617423571436ed4d	ftp.sra.ebi.ac.uk/vol1/fastq/SRR299/024/SRR29908924/SRR29908924.fastq.gz	false	false	EXCLUDED	not WGS paired-end
SRR29908925	SAMN42721363	SRS22066760	PRJNA1138464	SRP521244	SRX25404223	Vigna angularis	RAD-Seq	SINGLE	GENOMIC	Restriction Digest	ILLUMINA	Illumina HiSeq 2500	2509509	208289247	98509158	935d99d6bf05a2806af1b16db75d2a56	ftp.sra.ebi.ac.uk/vol1/fastq/SRR299/025/SRR29908925/SRR29908925.fastq.gz	false	false	EXCLUDED	not WGS paired-end
SRR29908926	SAMN42721362	SRS22066759	PRJNA1138464	SRP521244	SRX25404222	Vigna angularis	RAD-Seq	SINGLE	GENOMIC	Restriction Digest	ILLUMINA	Illumina HiSeq 2500	2471039	205096237	96751072	1e443f4e959d4383a3630910a99cd077	ftp.sra.ebi.ac.uk/vol1/fastq/SRR299/026/SRR29908926/SRR29908926.fastq.gz	false	false	EXCLUDED	not WGS paired-end
SRR29908927	SAMN42721361	SRS22066758	PRJNA1138464	SRP521244	SRX25404221	Vigna angularis	RAD-Seq	SINGLE	GENOMIC	Restriction Digest	ILLUMINA	Illumina HiSeq 2500	2441430	202638690	94180663	f8faf8b30eb5da80c206ddfcc010846c	ftp.sra.ebi.ac.uk/vol1/fastq/SRR299/027/SRR29908927/SRR29908927.fastq.gz	false	false	EXCLUDED	not WGS paired-end
SRR29908928	SAMN42721360	SRS22066757	PRJNA1138464	SRP521244	SRX25404220	Vigna angularis	RAD-Seq	SINGLE	GENOMIC	Restriction Digest	ILLUMINA	Illumina HiSeq 2500	2434312	202047896	97780949	f4c78f5004e59dbf3c3c845602b873b8	ftp.sra.ebi.ac.uk/vol1/fastq/SRR299/028/SRR29908928/SRR29908928.fastq.gz	false	false	EXCLUDED	not WGS paired-end
SRR29908929	SAMN42721359	SRS22066756	PRJNA1138464	SRP521244	SRX25404219	Vigna angularis	RAD-Seq	SINGLE	GENOMIC	Restriction Digest	ILLUMINA	Illumina HiSeq 2500	2460859	204251297	97974671	8b75e2f079661429f011ff175bdaeae8	ftp.sra.ebi.ac.uk/vol1/fastq/SRR299/029/SRR29908929/SRR29908929.fastq.gz	false	false	EXCLUDED	not WGS paired-end
SRR29908930	SAMN42721358	SRS22066755	PRJNA1138464	SRP521244	SRX25404218	Vigna angularis	RAD-Seq	SINGLE	GENOMIC	Restriction Digest	ILLUMINA	Illumina HiSeq 2500	2719710	225735930	108561147	6d73f8fc7696be4ae3749875c072f8e3	ftp.sra.ebi.ac.uk/vol1/fastq/SRR299/030/SRR29908930/SRR29908930.fastq.gz	false	false	EXCLUDED	not WGS paired-end
SRR29908931	SAMN42720944	SRS22066754	PRJNA1138464	SRP521244	SRX25404217	Vigna angularis	RAD-Seq	SINGLE	GENOMIC	Restriction Digest	ILLUMINA	Illumina HiSeq 2500	2683494	222730002	103036867	eb736d6e8a7703af2a1f1158f142a7cf	ftp.sra.ebi.ac.uk/vol1/fastq/SRR299/031/SRR29908931/SRR29908931.fastq.gz	false	false	EXCLUDED	not WGS paired-end
SRR29908932	SAMN42721357	SRS22066753	PRJNA1138464	SRP521244	SRX25404216	Vigna angularis	WGS	PAIRED	GENOMIC	size fractionation	ILLUMINA	Illumina HiSeq X	30393780	9118134000	2474973301;2982288874	db880e6074ef5496c9dbbaaff7221edf;3f96ff0a7c7898644f018c970c4370e5	ftp.sra.ebi.ac.uk/vol1/fastq/SRR299/032/SRR29908932/SRR29908932_1.fastq.gz;ftp.sra.ebi.ac.uk/vol1/fastq/SRR299/032/SRR29908932/SRR29908932_2.fastq.gz	false	false	EXCLUDED	outside frozen51 cohort
SRR29908933	SAMN42721356	SRS22066752	PRJNA1138464	SRP521244	SRX25404215	Vigna angularis	RAD-Seq	SINGLE	GENOMIC	Restriction Digest	ILLUMINA	Illumina HiSeq 2500	2549138	211578454	101162459	b6413f0009c199a6e2b515ec0742cf15	ftp.sra.ebi.ac.uk/vol1/fastq/SRR299/033/SRR29908933/SRR29908933.fastq.gz	false	false	EXCLUDED	not WGS paired-end
SRR29908934	SAMN42721355	SRS22066751	PRJNA1138464	SRP521244	SRX25404214	Vigna angularis	RAD-Seq	SINGLE	GENOMIC	Restriction Digest	ILLUMINA	Illumina HiSeq 2500	2494579	207050057	98886123	55ed933481ee9d539cc0e8f6eb4bf96b	ftp.sra.ebi.ac.uk/vol1/fastq/SRR299/034/SRR29908934/SRR29908934.fastq.gz	false	false	EXCLUDED	not WGS paired-end
SRR29908935	SAMN42721354	SRS22066750	PRJNA1138464	SRP521244	SRX25404213	Vigna angularis	RAD-Seq	SINGLE	GENOMIC	Restriction Digest	ILLUMINA	Illumina HiSeq 2500	2042166	169499778	79864897	76f7b4f1fa498fc698153663a48a3ccd	ftp.sra.ebi.ac.uk/vol1/fastq/SRR299/035/SRR29908935/SRR29908935.fastq.gz	false	false	EXCLUDED	not WGS paired-end
SRR29908936	SAMN42721353	SRS22066749	PRJNA1138464	SRP521244	SRX25404212	Vigna angularis	RAD-Seq	SINGLE	GENOMIC	Restriction Digest	ILLUMINA	Illumina HiSeq 2500	2271817	188560811	87968027	6bca83742829bef8e4d8a16deaf77971	ftp.sra.ebi.ac.uk/vol1/fastq/SRR299/036/SRR29908936/SRR29908936.fastq.gz	false	false	EXCLUDED	not WGS paired-end
SRR29908937	SAMN42721352	SRS22066748	PRJNA1138464	SRP521244	SRX25404211	Vigna angularis	RAD-Seq	SINGLE	GENOMIC	Restriction Digest	ILLUMINA	Illumina HiSeq 2500	2409448	199984184	95308614	dc345d6a253954bd03a32f90ee300a13	ftp.sra.ebi.ac.uk/vol1/fastq/SRR299/037/SRR29908937/SRR29908937.fastq.gz	false	false	EXCLUDED	not WGS paired-end
SRR29908938	SAMN42721351	SRS22066747	PRJNA1138464	SRP521244	SRX25404210	Vigna angularis	RAD-Seq	SINGLE	GENOMIC	Restriction Digest	ILLUMINA	Illumina HiSeq 2500	2423041	201112403	95563635	270f2c809cbaf69bb4dfec6039c03035	ftp.sra.ebi.ac.uk/vol1/fastq/SRR299/038/SRR29908938/SRR29908938.fastq.gz	false	false	EXCLUDED	not WGS paired-end
SRR29908939	SAMN42721350	SRS22066746	PRJNA1138464	SRP521244	SRX25404209	Vigna angularis	WGS	PAIRED	GENOMIC	size fractionation	ILLUMINA	Illumina HiSeq X	25352033	7605609900	2074570411;2500203701	9637dd9f29c683c5a290059aae336d32;41de8d1707f44f9a3038433d07578655	ftp.sra.ebi.ac.uk/vol1/fastq/SRR299/039/SRR29908939/SRR29908939_1.fastq.gz;ftp.sra.ebi.ac.uk/vol1/fastq/SRR299/039/SRR29908939/SRR29908939_2.fastq.gz	false	false	EXCLUDED	outside frozen51 cohort
SRR29908940	SAMN42721349	SRS22066745	PRJNA1138464	SRP521244	SRX25404208	Vigna angularis	RAD-Seq	SINGLE	GENOMIC	Restriction Digest	ILLUMINA	Illumina HiSeq 2500	2387292	198145236	94597569	8c451fa3fc37beb25a0ea69d5809f95c	ftp.sra.ebi.ac.uk/vol1/fastq/SRR299/040/SRR29908940/SRR29908940.fastq.gz	false	false	EXCLUDED	not WGS paired-end
SRR29908941	SAMN42721348	SRS22066744	PRJNA1138464	SRP521244	SRX25404207	Vigna angularis	RAD-Seq	SINGLE	GENOMIC	Restriction Digest	ILLUMINA	Illumina HiSeq 2500	2422582	201074306	94575258	fb94feabd74242678bbcd8bf5d177587	ftp.sra.ebi.ac.uk/vol1/fastq/SRR299/041/SRR29908941/SRR29908941.fastq.gz	false	false	EXCLUDED	not WGS paired-end
SRR29908942	SAMN42720943	SRS22066743	PRJNA1138464	SRP521244	SRX25404206	Vigna angularis	WGS	PAIRED	GENOMIC	size fractionation	ILLUMINA	Illumina HiSeq X	25628720	7688616000	2044002639;2364033668	b655e3e1bb3ff95113a2e4a70918f50d;ed6f4ae2f871ae0addadf440671dc8c3	ftp.sra.ebi.ac.uk/vol1/fastq/SRR299/042/SRR29908942/SRR29908942_1.fastq.gz;ftp.sra.ebi.ac.uk/vol1/fastq/SRR299/042/SRR29908942/SRR29908942_2.fastq.gz	false	false	EXCLUDED	outside frozen51 cohort
SRR29908943	SAMN42721347	SRS22066742	PRJNA1138464	SRP521244	SRX25404205	Vigna angularis	RAD-Seq	SINGLE	GENOMIC	Restriction Digest	ILLUMINA	Illumina HiSeq 2500	2551602	211782966	99452393	a67ad212d55c361e6edabcc2e553354d	ftp.sra.ebi.ac.uk/vol1/fastq/SRR299/043/SRR29908943/SRR29908943.fastq.gz	false	false	EXCLUDED	not WGS paired-end
SRR29908944	SAMN42721346	SRS22066741	PRJNA1138464	SRP521244	SRX25404204	Vigna angularis	RAD-Seq	SINGLE	GENOMIC	Restriction Digest	ILLUMINA	Illumina HiSeq 2500	2402305	199391315	95410606	db5e4cfea5393474cff911793afabff9	ftp.sra.ebi.ac.uk/vol1/fastq/SRR299/044/SRR29908944/SRR29908944.fastq.gz	false	false	EXCLUDED	not WGS paired-end
SRR29908945	SAMN42721345	SRS22066740	PRJNA1138464	SRP521244	SRX25404203	Vigna angularis	RAD-Seq	SINGLE	GENOMIC	Restriction Digest	ILLUMINA	Illumina HiSeq 2500	2496452	207205516	98915519	2ea357c1bd2a8de4ca78069081c81932	ftp.sra.ebi.ac.uk/vol1/fastq/SRR299/045/SRR29908945/SRR29908945.fastq.gz	false	false	EXCLUDED	not WGS paired-end
SRR29908946	SAMN42721344	SRS22066739	PRJNA1138464	SRP521244	SRX25404202	Vigna angularis	RAD-Seq	SINGLE	GENOMIC	Restriction Digest	ILLUMINA	Illumina HiSeq 2500	2426781	201422823	96293027	ed321724de190edf27cd21ba494e3093	ftp.sra.ebi.ac.uk/vol1/fastq/SRR299/046/SRR29908946/SRR29908946.fastq.gz	false	false	EXCLUDED	not WGS paired-end
SRR29908947	SAMN42721343	SRS22066738	PRJNA1138464	SRP521244	SRX25404201	Vigna angularis	RAD-Seq	SINGLE	GENOMIC	Restriction Digest	ILLUMINA	Illumina HiSeq 2500	2355950	195543850	91738896	cf501c51d25a3e2b757a3f1c4aec6a82	ftp.sra.ebi.ac.uk/vol1/fastq/SRR299/047/SRR29908947/SRR29908947.fastq.gz	false	false	EXCLUDED	not WGS paired-end
SRR29908948	SAMN42721342	SRS22066737	PRJNA1138464	SRP521244	SRX25404200	Vigna angularis	RAD-Seq	SINGLE	GENOMIC	Restriction Digest	ILLUMINA	Illumina HiSeq 2500	2521176	209257608	97300941	99765189d5656a784fc73bf3c436c04e	ftp.sra.ebi.ac.uk/vol1/fastq/SRR299/048/SRR29908948/SRR29908948.fastq.gz	false	false	EXCLUDED	not WGS paired-end
SRR29908949	SAMN42721284	SRS22066736	PRJNA1138464	SRP521244	SRX25404199	Vigna angularis	RAD-Seq	SINGLE	GENOMIC	Restriction Digest	ILLUMINA	Illumina HiSeq 2500	2506515	208040745	96837999	f3b175469114f9c0d53a22c2b47aaedf	ftp.sra.ebi.ac.uk/vol1/fastq/SRR299/049/SRR29908949/SRR29908949.fastq.gz	false	false	EXCLUDED	not WGS paired-end
SRR29908950	SAMN42721283	SRS22066735	PRJNA1138464	SRP521244	SRX25404198	Vigna angularis	RAD-Seq	SINGLE	GENOMIC	Restriction Digest	ILLUMINA	Illumina HiSeq 2500	2377235	197310505	92841026	734be52f5d19828399a6cc15e324a80f	ftp.sra.ebi.ac.uk/vol1/fastq/SRR299/050/SRR29908950/SRR29908950.fastq.gz	false	false	EXCLUDED	not WGS paired-end
SRR29908951	SAMN42721282	SRS22066733	PRJNA1138464	SRP521244	SRX25404197	Vigna angularis	WGS	PAIRED	GENOMIC	size fractionation	ILLUMINA	Illumina HiSeq X	29958808	8987642400	2461838977;2746990287	0e7a4f8b89b0d0c39e711b25b2eb1dbb;717c6fc982c68a366e3173a6f8376e24	ftp.sra.ebi.ac.uk/vol1/fastq/SRR299/051/SRR29908951/SRR29908951_1.fastq.gz;ftp.sra.ebi.ac.uk/vol1/fastq/SRR299/051/SRR29908951/SRR29908951_2.fastq.gz	false	false	EXCLUDED	outside frozen51 cohort
SRR29908952	SAMN42721281	SRS22066734	PRJNA1138464	SRP521244	SRX25404196	Vigna angularis	RAD-Seq	SINGLE	GENOMIC	Restriction Digest	ILLUMINA	Illumina HiSeq 2500	2528894	209898202	98763122	625306dff5e53f6812ea2823092556b7	ftp.sra.ebi.ac.uk/vol1/fastq/SRR299/052/SRR29908952/SRR29908952.fastq.gz	false	false	EXCLUDED	not WGS paired-end
SRR29908953	SAMN42721280	SRS22066732	PRJNA1138464	SRP521244	SRX25404195	Vigna angularis	RAD-Seq	SINGLE	GENOMIC	Restriction Digest	ILLUMINA	Illumina HiSeq 2500	2292657	190290531	89848317	41564eb560cabb45d9c77007066ee63c	ftp.sra.ebi.ac.uk/vol1/fastq/SRR299/053/SRR29908953/SRR29908953.fastq.gz	false	false	EXCLUDED	not WGS paired-end
SRR29908954	SAMN42721279	SRS22066731	PRJNA1138464	SRP521244	SRX25404194	Vigna angularis	RAD-Seq	SINGLE	GENOMIC	Restriction Digest	ILLUMINA	Illumina HiSeq 2500	2406856	199769048	92916958	39f2e1afa97b0171f64dd4c2d800c882	ftp.sra.ebi.ac.uk/vol1/fastq/SRR299/054/SRR29908954/SRR29908954.fastq.gz	false	false	EXCLUDED	not WGS paired-end
SRR29908955	SAMN42721278	SRS22066730	PRJNA1138464	SRP521244	SRX25404193	Vigna angularis	WGS	PAIRED	GENOMIC	size fractionation	ILLUMINA	Illumina HiSeq X	28398225	8519467500	2334147294;2565950430	97c20414f4d8831b86a994a4ef841a74;39339171f7b3066e69d34dc6c6c523e5	ftp.sra.ebi.ac.uk/vol1/fastq/SRR299/055/SRR29908955/SRR29908955_1.fastq.gz;ftp.sra.ebi.ac.uk/vol1/fastq/SRR299/055/SRR29908955/SRR29908955_2.fastq.gz	false	false	EXCLUDED	outside frozen51 cohort
SRR29908956	SAMN42720936	SRS22066729	PRJNA1138464	SRP521244	SRX25404192	Vigna angularis	RAD-Seq	SINGLE	GENOMIC	Restriction Digest	ILLUMINA	Illumina HiSeq 2500	2701454	224220682	103775433	8a9de20979af5458db865fd590fa10df	ftp.sra.ebi.ac.uk/vol1/fastq/SRR299/056/SRR29908956/SRR29908956.fastq.gz	false	false	EXCLUDED	not WGS paired-end
SRR29908957	SAMN42721277	SRS22066728	PRJNA1138464	SRP521244	SRX25404191	Vigna angularis	RAD-Seq	SINGLE	GENOMIC	Restriction Digest	ILLUMINA	Illumina HiSeq 2500	2484282	206195406	96932466	dbd8f3a9b9e05069fdd0af741a969a15	ftp.sra.ebi.ac.uk/vol1/fastq/SRR299/057/SRR29908957/SRR29908957.fastq.gz	false	false	EXCLUDED	not WGS paired-end
SRR29908958	SAMN42721276	SRS22066727	PRJNA1138464	SRP521244	SRX25404190	Vigna angularis	RAD-Seq	SINGLE	GENOMIC	Restriction Digest	ILLUMINA	Illumina HiSeq 2500	2451877	203505791	96436357	bcb8a50e72527d210dded3cd721920e0	ftp.sra.ebi.ac.uk/vol1/fastq/SRR299/058/SRR29908958/SRR29908958.fastq.gz	false	false	EXCLUDED	not WGS paired-end
SRR29908959	SAMN42721275	SRS22066726	PRJNA1138464	SRP521244	SRX25404189	Vigna angularis	RAD-Seq	SINGLE	GENOMIC	Restriction Digest	ILLUMINA	Illumina HiSeq 2500	2387224	198139592	92202730	06f2ae7fe5e5a488a892240c61385ee0	ftp.sra.ebi.ac.uk/vol1/fastq/SRR299/059/SRR29908959/SRR29908959.fastq.gz	false	false	EXCLUDED	not WGS paired-end
SRR29908960	SAMN42721274	SRS22066725	PRJNA1138464	SRP521244	SRX25404188	Vigna angularis	WGS	PAIRED	GENOMIC	size fractionation	ILLUMINA	Illumina HiSeq X	25009088	7502726400	2032478880;2323303611	44515a44c1e8eda239089451b3177e52;34f09a4951bca1e008fb05758b7a3cd1	ftp.sra.ebi.ac.uk/vol1/fastq/SRR299/060/SRR29908960/SRR29908960_1.fastq.gz;ftp.sra.ebi.ac.uk/vol1/fastq/SRR299/060/SRR29908960/SRR29908960_2.fastq.gz	false	false	EXCLUDED	outside frozen51 cohort
SRR29908961	SAMN42721273	SRS22066724	PRJNA1138464	SRP521244	SRX25404187	Vigna angularis	RAD-Seq	SINGLE	GENOMIC	Restriction Digest	ILLUMINA	Illumina HiSeq 2500	2406238	199717754	92371037	b03b2c34b9448161624bf7f36edc8f73	ftp.sra.ebi.ac.uk/vol1/fastq/SRR299/061/SRR29908961/SRR29908961.fastq.gz	false	false	EXCLUDED	not WGS paired-end
SRR29908962	SAMN42721272	SRS22066723	PRJNA1138464	SRP521244	SRX25404186	Vigna angularis	WGS	PAIRED	GENOMIC	size fractionation	ILLUMINA	Illumina HiSeq X	26977410	8093223000	2260655906;2414761109	96ff29c946ee7e433888f5630d8101b9;55cd385c7a8002a24263a6f3d87e601f	ftp.sra.ebi.ac.uk/vol1/fastq/SRR299/062/SRR29908962/SRR29908962_1.fastq.gz;ftp.sra.ebi.ac.uk/vol1/fastq/SRR299/062/SRR29908962/SRR29908962_2.fastq.gz	false	false	EXCLUDED	outside frozen51 cohort
SRR29908963	SAMN42721271	SRS22066722	PRJNA1138464	SRP521244	SRX25404185	Vigna angularis	RAD-Seq	SINGLE	GENOMIC	Restriction Digest	ILLUMINA	Illumina HiSeq 2500	2259186	187512438	86783430	4cc13c576c955179ba014aea9a5d4293	ftp.sra.ebi.ac.uk/vol1/fastq/SRR299/063/SRR29908963/SRR29908963.fastq.gz	false	false	EXCLUDED	not WGS paired-end
SRR29908964	SAMN42721270	SRS22066721	PRJNA1138464	SRP521244	SRX25404184	Vigna angularis	RAD-Seq	SINGLE	GENOMIC	Restriction Digest	ILLUMINA	Illumina HiSeq 2500	2397029	198953407	92190645	b21b32173a1dd43c9f1c87e857375a77	ftp.sra.ebi.ac.uk/vol1/fastq/SRR299/064/SRR29908964/SRR29908964.fastq.gz	false	false	EXCLUDED	not WGS paired-end
SRR29908965	SAMN42721269	SRS22066720	PRJNA1138464	SRP521244	SRX25404183	Vigna angularis	WGS	PAIRED	GENOMIC	size fractionation	ILLUMINA	Illumina HiSeq X	17385712	5215713600	1585870632;1683937477	e4d5ddf4c4faffb5f0791a0b0358867d;bc7a7007d0c82ba41bcd05bd52ae2ee1	ftp.sra.ebi.ac.uk/vol1/fastq/SRR299/065/SRR29908965/SRR29908965_1.fastq.gz;ftp.sra.ebi.ac.uk/vol1/fastq/SRR299/065/SRR29908965/SRR29908965_2.fastq.gz	true	true	SELECTED	existing20 public cohort
SRR29908966	SAMN42721268	SRS22066719	PRJNA1138464	SRP521244	SRX25404182	Vigna angularis	RAD-Seq	SINGLE	GENOMIC	Restriction Digest	ILLUMINA	Illumina HiSeq 2500	2587611	214771713	102396284	2c05733b28fe043be794b7fcfd5da0f4	ftp.sra.ebi.ac.uk/vol1/fastq/SRR299/066/SRR29908966/SRR29908966.fastq.gz	false	false	EXCLUDED	not WGS paired-end
SRR29908967	SAMN42720935	SRS22066718	PRJNA1138464	SRP521244	SRX25404181	Vigna angularis	WGS	PAIRED	GENOMIC	size fractionation	ILLUMINA	Illumina HiSeq X	31651358	9495407400	2521140869;2977417519	b282bf20df7eed57923e13e9c48dbafc;03a46fc50cee9bbd643169ab21da7565	ftp.sra.ebi.ac.uk/vol1/fastq/SRR299/067/SRR29908967/SRR29908967_1.fastq.gz;ftp.sra.ebi.ac.uk/vol1/fastq/SRR299/067/SRR29908967/SRR29908967_2.fastq.gz	false	false	EXCLUDED	outside frozen51 cohort
SRR29908968	SAMN42721267	SRS22066717	PRJNA1138464	SRP521244	SRX25404180	Vigna angularis	RAD-Seq	SINGLE	GENOMIC	Restriction Digest	ILLUMINA	Illumina HiSeq 2500	2724465	226130595	104419878	e3f1ca65c0c445b42444a95fad75e4dc	ftp.sra.ebi.ac.uk/vol1/fastq/SRR299/068/SRR29908968/SRR29908968.fastq.gz	false	false	EXCLUDED	not WGS paired-end
SRR29908969	SAMN42721266	SRS22066716	PRJNA1138464	SRP521244	SRX25404179	Vigna angularis	WGS	PAIRED	GENOMIC	size fractionation	ILLUMINA	Illumina HiSeq X	19366214	5809864200	1768029524;1874863511	09a1b4fba2a8c138c8c50915179bff97;f5bab0aadb44c3cc30ac75b936c952a2	ftp.sra.ebi.ac.uk/vol1/fastq/SRR299/069/SRR29908969/SRR29908969_1.fastq.gz;ftp.sra.ebi.ac.uk/vol1/fastq/SRR299/069/SRR29908969/SRR29908969_2.fastq.gz	false	false	EXCLUDED	outside frozen51 cohort
SRR29908970	SAMN42721265	SRS22066715	PRJNA1138464	SRP521244	SRX25404178	Vigna angularis	RAD-Seq	SINGLE	GENOMIC	Restriction Digest	ILLUMINA	Illumina HiSeq 2500	2368703	196602349	90939466	619ffd51a7ffcb66d7783566c3d14775	ftp.sra.ebi.ac.uk/vol1/fastq/SRR299/070/SRR29908970/SRR29908970.fastq.gz	false	false	EXCLUDED	not WGS paired-end
SRR29908971	SAMN42721264	SRS22066714	PRJNA1138464	SRP521244	SRX25404177	Vigna angularis	WGS	PAIRED	GENOMIC	size fractionation	ILLUMINA	Illumina HiSeq X	28235559	8470667700	2272702831;2596698206	26deb91e43e00721e25e31712104abdc;2e81363fab02a77b86d2227369015ad7	ftp.sra.ebi.ac.uk/vol1/fastq/SRR299/071/SRR29908971/SRR29908971_1.fastq.gz;ftp.sra.ebi.ac.uk/vol1/fastq/SRR299/071/SRR29908971/SRR29908971_2.fastq.gz	false	false	EXCLUDED	outside frozen51 cohort
SRR29908972	SAMN42721263	SRS22066712	PRJNA1138464	SRP521244	SRX25404176	Vigna angularis	RAD-Seq	SINGLE	GENOMIC	Restriction Digest	ILLUMINA	Illumina HiSeq 2500	2575007	213725581	99585888	4077df28c084da0d021a1f249c0cb750	ftp.sra.ebi.ac.uk/vol1/fastq/SRR299/072/SRR29908972/SRR29908972.fastq.gz	false	false	EXCLUDED	not WGS paired-end
SRR29908973	SAMN42721262	SRS22066713	PRJNA1138464	SRP521244	SRX25404175	Vigna angularis	RAD-Seq	SINGLE	GENOMIC	Restriction Digest	ILLUMINA	Illumina HiSeq 2500	2499814	207484562	97455456	770e79457532e10af09faf007c508daa	ftp.sra.ebi.ac.uk/vol1/fastq/SRR299/073/SRR29908973/SRR29908973.fastq.gz	false	false	EXCLUDED	not WGS paired-end
SRR29908974	SAMN42721261	SRS22066711	PRJNA1138464	SRP521244	SRX25404174	Vigna angularis	RAD-Seq	SINGLE	GENOMIC	Restriction Digest	ILLUMINA	Illumina HiSeq 2500	2550888	211723704	100578156	98a730560dd68cb3d2025de3f1d66512	ftp.sra.ebi.ac.uk/vol1/fastq/SRR299/074/SRR29908974/SRR29908974.fastq.gz	false	false	EXCLUDED	not WGS paired-end
SRR29908975	SAMN42721260	SRS22066710	PRJNA1138464	SRP521244	SRX25404173	Vigna angularis	RAD-Seq	SINGLE	GENOMIC	Restriction Digest	ILLUMINA	Illumina HiSeq 2500	2455397	203797951	97861012	9070ffb3657f9e016ce0cd59a3e89e18	ftp.sra.ebi.ac.uk/vol1/fastq/SRR299/075/SRR29908975/SRR29908975.fastq.gz	false	false	EXCLUDED	not WGS paired-end
SRR29908976	SAMN42721259	SRS22066709	PRJNA1138464	SRP521244	SRX25404172	Vigna angularis	RAD-Seq	SINGLE	GENOMIC	Restriction Digest	ILLUMINA	Illumina HiSeq 2500	2404437	199568271	93796560	b5b11a67e8283ed26b05ff269c26d21a	ftp.sra.ebi.ac.uk/vol1/fastq/SRR299/076/SRR29908976/SRR29908976.fastq.gz	false	false	EXCLUDED	not WGS paired-end
SRR29908977	SAMN42721258	SRS22066708	PRJNA1138464	SRP521244	SRX25404171	Vigna angularis	RAD-Seq	SINGLE	GENOMIC	Restriction Digest	ILLUMINA	Illumina HiSeq 2500	2496494	207209002	98992261	c32b7d544364b666c53280a4f961b50a	ftp.sra.ebi.ac.uk/vol1/fastq/SRR299/077/SRR29908977/SRR29908977.fastq.gz	false	false	EXCLUDED	not WGS paired-end
SRR29908978	SAMN42720934	SRS22066707	PRJNA1138464	SRP521244	SRX25404170	Vigna angularis	WGS	PAIRED	GENOMIC	size fractionation	ILLUMINA	Illumina HiSeq X	27723776	8317132800	2254523641;2579208505	18385d4672e1f4bbab9e22e018b36bfe;e5c914b5c86bfe4ae5b99c83496348c4	ftp.sra.ebi.ac.uk/vol1/fastq/SRR299/078/SRR29908978/SRR29908978_1.fastq.gz;ftp.sra.ebi.ac.uk/vol1/fastq/SRR299/078/SRR29908978/SRR29908978_2.fastq.gz	false	false	EXCLUDED	outside frozen51 cohort
SRR29908979	SAMN42721257	SRS22066706	PRJNA1138464	SRP521244	SRX25404169	Vigna angularis	WGS	PAIRED	GENOMIC	size fractionation	ILLUMINA	Illumina HiSeq X	27326913	8198073900	2224308382;2755057464	3e2deb0d6769b1c2c8ab69a5d50a8719;bbf7eb1f8d942cf154b3dc20d41084a9	ftp.sra.ebi.ac.uk/vol1/fastq/SRR299/079/SRR29908979/SRR29908979_1.fastq.gz;ftp.sra.ebi.ac.uk/vol1/fastq/SRR299/079/SRR29908979/SRR29908979_2.fastq.gz	false	false	EXCLUDED	outside frozen51 cohort
SRR29908980	SAMN42721256	SRS22066705	PRJNA1138464	SRP521244	SRX25404168	Vigna angularis	RAD-Seq	SINGLE	GENOMIC	Restriction Digest	ILLUMINA	Illumina HiSeq 2500	2475784	205490072	94758058	86ca0072283db6316b68b2dd97c19e1b	ftp.sra.ebi.ac.uk/vol1/fastq/SRR299/080/SRR29908980/SRR29908980.fastq.gz	false	false	EXCLUDED	not WGS paired-end
SRR29908981	SAMN42720901	SRS22066704	PRJNA1138464	SRP521244	SRX25404167	Vigna angularis	RAD-Seq	SINGLE	GENOMIC	Restriction Digest	ILLUMINA	Illumina HiSeq 2500	2434976	202103008	90986477	2eca380aa55dc19adaf51f8cb671e542	ftp.sra.ebi.ac.uk/vol1/fastq/SRR299/081/SRR29908981/SRR29908981.fastq.gz	false	false	EXCLUDED	not WGS paired-end
SRR29908982	SAMN42721197	SRS22066703	PRJNA1138464	SRP521244	SRX25404166	Vigna angularis	WGS	PAIRED	GENOMIC	size fractionation	ILLUMINA	Illumina HiSeq X	28421888	8526566400	2392028579;2574135262	5e6502aed1d17bdff3fdb01811e91aea;bf6c5b6b506bf16f0d30aaa614472c08	ftp.sra.ebi.ac.uk/vol1/fastq/SRR299/082/SRR29908982/SRR29908982_1.fastq.gz;ftp.sra.ebi.ac.uk/vol1/fastq/SRR299/082/SRR29908982/SRR29908982_2.fastq.gz	false	false	EXCLUDED	outside frozen51 cohort
SRR29908983	SAMN42721196	SRS22066701	PRJNA1138464	SRP521244	SRX25404165	Vigna angularis	WGS	PAIRED	GENOMIC	size fractionation	ILLUMINA	Illumina HiSeq X	27162611	8148783300	2235562250;2521326783	3c70e9963d83bb25f867c6d55c9406f9;fe8e9a4a30de1623e44ecde6d737d282	ftp.sra.ebi.ac.uk/vol1/fastq/SRR299/083/SRR29908983/SRR29908983_1.fastq.gz;ftp.sra.ebi.ac.uk/vol1/fastq/SRR299/083/SRR29908983/SRR29908983_2.fastq.gz	false	false	EXCLUDED	outside frozen51 cohort
SRR29908984	SAMN42721195	SRS22066702	PRJNA1138464	SRP521244	SRX25404164	Vigna angularis	RAD-Seq	SINGLE	GENOMIC	Restriction Digest	ILLUMINA	Illumina HiSeq 2500	2680951	222518933	104064831	acdb837f1ed48ba3f1d39eb0222ef660	ftp.sra.ebi.ac.uk/vol1/fastq/SRR299/084/SRR29908984/SRR29908984.fastq.gz	false	false	EXCLUDED	not WGS paired-end
SRR29908985	SAMN42721194	SRS22066700	PRJNA1138464	SRP521244	SRX25404163	Vigna angularis	WGS	PAIRED	GENOMIC	size fractionation	ILLUMINA	Illumina HiSeq X	24035429	7210628700	2025330519;2212825721	e81d4351de0113d6e028f6dd2ea5971d;d739a24f8334be72bebd48e14897b5dc	ftp.sra.ebi.ac.uk/vol1/fastq/SRR299/085/SRR29908985/SRR29908985_1.fastq.gz;ftp.sra.ebi.ac.uk/vol1/fastq/SRR299/085/SRR29908985/SRR29908985_2.fastq.gz	false	false	EXCLUDED	outside frozen51 cohort
SRR29908986	SAMN42721193	SRS22066699	PRJNA1138464	SRP521244	SRX25404162	Vigna angularis	RAD-Seq	SINGLE	GENOMIC	Restriction Digest	ILLUMINA	Illumina HiSeq 2500	2762586	229294638	108301857	a5ecd897dbe88da36ee0b8a601219d26	ftp.sra.ebi.ac.uk/vol1/fastq/SRR299/086/SRR29908986/SRR29908986.fastq.gz	false	false	EXCLUDED	not WGS paired-end
SRR29908987	SAMN42721192	SRS22066698	PRJNA1138464	SRP521244	SRX25404161	Vigna angularis	RAD-Seq	SINGLE	GENOMIC	Restriction Digest	ILLUMINA	Illumina HiSeq 2500	2920172	242374276	113292749	d5e5c3a0808271b00adc8fb3c4f2829b	ftp.sra.ebi.ac.uk/vol1/fastq/SRR299/087/SRR29908987/SRR29908987.fastq.gz	false	false	EXCLUDED	not WGS paired-end
SRR29908988	SAMN42721191	SRS22066697	PRJNA1138464	SRP521244	SRX25404160	Vigna angularis	WGS	PAIRED	GENOMIC	size fractionation	ILLUMINA	Illumina HiSeq X	26207662	7862298600	2194766612;2379544829	403236f201d4eb7c5b9f2e2fba1e6b53;ab6f11c22606691261d1c5ae57a78fcd	ftp.sra.ebi.ac.uk/vol1/fastq/SRR299/088/SRR29908988/SRR29908988_1.fastq.gz;ftp.sra.ebi.ac.uk/vol1/fastq/SRR299/088/SRR29908988/SRR29908988_2.fastq.gz	false	false	EXCLUDED	outside frozen51 cohort
SRR29908989	SAMN42721190	SRS22066696	PRJNA1138464	SRP521244	SRX25404159	Vigna angularis	WGS	PAIRED	GENOMIC	size fractionation	ILLUMINA	Illumina HiSeq X	32188974	9656692200	2550735494;2929556213	1bafc123da5a275ba009274a0fe5271e;cffe1a3b9e14d120edaaaa3fd9df6462	ftp.sra.ebi.ac.uk/vol1/fastq/SRR299/089/SRR29908989/SRR29908989_1.fastq.gz;ftp.sra.ebi.ac.uk/vol1/fastq/SRR299/089/SRR29908989/SRR29908989_2.fastq.gz	false	false	EXCLUDED	outside frozen51 cohort
SRR29908990	SAMN42721189	SRS22066694	PRJNA1138464	SRP521244	SRX25404158	Vigna angularis	RAD-Seq	SINGLE	GENOMIC	Restriction Digest	ILLUMINA	Illumina HiSeq 2500	2881141	239134703	109857267	a6fcb8422c09559893d78270e76cd693	ftp.sra.ebi.ac.uk/vol1/fastq/SRR299/090/SRR29908990/SRR29908990.fastq.gz	false	false	EXCLUDED	not WGS paired-end
SRR29908991	SAMN42721188	SRS22066695	PRJNA1138464	SRP521244	SRX25404157	Vigna angularis	WGS	PAIRED	GENOMIC	size fractionation	ILLUMINA	Illumina HiSeq X	29349634	8804890200	2324679676;2693912407	f3bcbf199375b971f2df72ff080a86b5;78769812cd0e73f61fff555204a9a525	ftp.sra.ebi.ac.uk/vol1/fastq/SRR299/091/SRR29908991/SRR29908991_1.fastq.gz;ftp.sra.ebi.ac.uk/vol1/fastq/SRR299/091/SRR29908991/SRR29908991_2.fastq.gz	false	false	EXCLUDED	outside frozen51 cohort
SRR29908992	SAMN42720927	SRS22066693	PRJNA1138464	SRP521244	SRX25404156	Vigna angularis	WGS	PAIRED	GENOMIC	size fractionation	ILLUMINA	Illumina HiSeq X	34588666	10376599800	2792759818;3127276851	8a19044e2872b040fbcfb2ad7cd3a896;73aa0005085b3e94f8c4102f3a34cc54	ftp.sra.ebi.ac.uk/vol1/fastq/SRR299/092/SRR29908992/SRR29908992_1.fastq.gz;ftp.sra.ebi.ac.uk/vol1/fastq/SRR299/092/SRR29908992/SRR29908992_2.fastq.gz	false	false	EXCLUDED	outside frozen51 cohort
SRR29908993	SAMN42721187	SRS22066692	PRJNA1138464	SRP521244	SRX25404155	Vigna angularis	WGS	PAIRED	GENOMIC	size fractionation	ILLUMINA	Illumina HiSeq X	30007052	9002115600	2452285103;2720729545	55a8e0fa7a4de217c045b07a3b423546;991a4f884b0a8ba0e56ddb0eb97d8337	ftp.sra.ebi.ac.uk/vol1/fastq/SRR299/093/SRR29908993/SRR29908993_1.fastq.gz;ftp.sra.ebi.ac.uk/vol1/fastq/SRR299/093/SRR29908993/SRR29908993_2.fastq.gz	false	false	EXCLUDED	outside frozen51 cohort
SRR29908994	SAMN42721186	SRS22066691	PRJNA1138464	SRP521244	SRX25404154	Vigna angularis	WGS	PAIRED	GENOMIC	size fractionation	ILLUMINA	Illumina HiSeq X	29591826	8877547800	2435445376;2764863883	56f0bd6915049a4e8953c04f5d3c5d74;89bb5bdf68727c31c4822c41d127b4b2	ftp.sra.ebi.ac.uk/vol1/fastq/SRR299/094/SRR29908994/SRR29908994_1.fastq.gz;ftp.sra.ebi.ac.uk/vol1/fastq/SRR299/094/SRR29908994/SRR29908994_2.fastq.gz	false	false	EXCLUDED	outside frozen51 cohort
SRR29908995	SAMN42721185	SRS22066690	PRJNA1138464	SRP521244	SRX25404153	Vigna angularis	WGS	PAIRED	GENOMIC	size fractionation	ILLUMINA	Illumina HiSeq X	31717131	9515139300	2513575193;2902542341	0501112173e5807beab8dfb1509b8186;43406d9f2e138e216af93b83e98dde76	ftp.sra.ebi.ac.uk/vol1/fastq/SRR299/095/SRR29908995/SRR29908995_1.fastq.gz;ftp.sra.ebi.ac.uk/vol1/fastq/SRR299/095/SRR29908995/SRR29908995_2.fastq.gz	false	false	EXCLUDED	outside frozen51 cohort
SRR29908996	SAMN42721184	SRS22066689	PRJNA1138464	SRP521244	SRX25404152	Vigna angularis	WGS	PAIRED	GENOMIC	size fractionation	ILLUMINA	Illumina HiSeq X	26456725	7937017500	2110434208;2330423776	1726062266c52762dfb96453a7d0bc93;d3595fbad638484b33f2d9b707472c73	ftp.sra.ebi.ac.uk/vol1/fastq/SRR299/096/SRR29908996/SRR29908996_1.fastq.gz;ftp.sra.ebi.ac.uk/vol1/fastq/SRR299/096/SRR29908996/SRR29908996_2.fastq.gz	false	false	EXCLUDED	outside frozen51 cohort
SRR29908997	SAMN42721183	SRS22066688	PRJNA1138464	SRP521244	SRX25404151	Vigna angularis	RAD-Seq	SINGLE	GENOMIC	Restriction Digest	ILLUMINA	Illumina HiSeq 2500	2696646	223821618	105058657	6b3694d5eed2e872bd58acdb0eb428f9	ftp.sra.ebi.ac.uk/vol1/fastq/SRR299/097/SRR29908997/SRR29908997.fastq.gz	false	false	EXCLUDED	not WGS paired-end
SRR29908998	SAMN42721182	SRS22066686	PRJNA1138464	SRP521244	SRX25404150	Vigna angularis	RAD-Seq	SINGLE	GENOMIC	Restriction Digest	ILLUMINA	Illumina HiSeq 2500	2727334	226368722	107615121	4b2b0f13ae5ffae1f7d8986cdf8a6ae0	ftp.sra.ebi.ac.uk/vol1/fastq/SRR299/098/SRR29908998/SRR29908998.fastq.gz	false	false	EXCLUDED	not WGS paired-end
SRR29908999	SAMN42721181	SRS22066687	PRJNA1138464	SRP521244	SRX25404149	Vigna angularis	WGS	PAIRED	GENOMIC	size fractionation	ILLUMINA	Illumina HiSeq X	23019294	6905788200	1926202702;2091506477	719d2b62024b22dc16ec48e8ff6593c5;de700da0efc3a58e82c778686bd4474d	ftp.sra.ebi.ac.uk/vol1/fastq/SRR299/099/SRR29908999/SRR29908999_1.fastq.gz;ftp.sra.ebi.ac.uk/vol1/fastq/SRR299/099/SRR29908999/SRR29908999_2.fastq.gz	false	false	EXCLUDED	outside frozen51 cohort
SRR29909000	SAMN42721180	SRS22066685	PRJNA1138464	SRP521244	SRX25404148	Vigna angularis	RAD-Seq	SINGLE	GENOMIC	Restriction Digest	ILLUMINA	Illumina HiSeq 2500	2659935	220774605	103630640	9037c250cf583ef450425a2171979394	ftp.sra.ebi.ac.uk/vol1/fastq/SRR299/000/SRR29909000/SRR29909000.fastq.gz	false	false	EXCLUDED	not WGS paired-end
SRR29909001	SAMN42721179	SRS22066684	PRJNA1138464	SRP521244	SRX25404147	Vigna angularis	WGS	PAIRED	GENOMIC	size fractionation	ILLUMINA	Illumina HiSeq X	28662589	8598776700	2392163193;2567487065	825846828f7eb45db925cb8c4df384e5;137c215343791def64e60b65eec81753	ftp.sra.ebi.ac.uk/vol1/fastq/SRR299/001/SRR29909001/SRR29909001_1.fastq.gz;ftp.sra.ebi.ac.uk/vol1/fastq/SRR299/001/SRR29909001/SRR29909001_2.fastq.gz	false	false	EXCLUDED	outside frozen51 cohort
SRR29909002	SAMN42721178	SRS22066683	PRJNA1138464	SRP521244	SRX25404146	Vigna angularis	RAD-Seq	SINGLE	GENOMIC	Restriction Digest	ILLUMINA	Illumina HiSeq 2500	2853448	236836184	110744921	c4b027a7b6ccf88c616c9bfdfa198121	ftp.sra.ebi.ac.uk/vol1/fastq/SRR299/002/SRR29909002/SRR29909002.fastq.gz	false	false	EXCLUDED	not WGS paired-end
SRR29909003	SAMN42720926	SRS22066682	PRJNA1138464	SRP521244	SRX25404145	Vigna angularis	WGS	PAIRED	GENOMIC	size fractionation	ILLUMINA	Illumina HiSeq X	30490344	9147103200	2423100078;2792116692	8e92970198eeae77aa9fd6e3647e4001;7a5a5da5738f61f2635c46d7f6bc0dc7	ftp.sra.ebi.ac.uk/vol1/fastq/SRR299/003/SRR29909003/SRR29909003_1.fastq.gz;ftp.sra.ebi.ac.uk/vol1/fastq/SRR299/003/SRR29909003/SRR29909003_2.fastq.gz	false	false	EXCLUDED	outside frozen51 cohort
SRR29909004	SAMN42721177	SRS22066681	PRJNA1138464	SRP521244	SRX25404144	Vigna angularis	RAD-Seq	SINGLE	GENOMIC	Restriction Digest	ILLUMINA	Illumina HiSeq 2500	2841188	235818604	111302831	5cd3c76a0ff0803a83137500531231af	ftp.sra.ebi.ac.uk/vol1/fastq/SRR299/004/SRR29909004/SRR29909004.fastq.gz	false	false	EXCLUDED	not WGS paired-end
SRR29909005	SAMN42721176	SRS22066678	PRJNA1138464	SRP521244	SRX25404143	Vigna angularis	RAD-Seq	SINGLE	GENOMIC	Restriction Digest	ILLUMINA	Illumina HiSeq 2500	2629399	218240117	103814564	d988273d4dad3fbab420e797112b399e	ftp.sra.ebi.ac.uk/vol1/fastq/SRR299/005/SRR29909005/SRR29909005.fastq.gz	false	false	EXCLUDED	not WGS paired-end
SRR29909006	SAMN42721175	SRS22066680	PRJNA1138464	SRP521244	SRX25404142	Vigna angularis	RAD-Seq	SINGLE	GENOMIC	Restriction Digest	ILLUMINA	Illumina HiSeq 2500	2803679	232705357	110753519	d816723d87316d00f81ef8e826d0b470	ftp.sra.ebi.ac.uk/vol1/fastq/SRR299/006/SRR29909006/SRR29909006.fastq.gz	false	false	EXCLUDED	not WGS paired-end
SRR29909007	SAMN42721174	SRS22066679	PRJNA1138464	SRP521244	SRX25404141	Vigna angularis	RAD-Seq	SINGLE	GENOMIC	Restriction Digest	ILLUMINA	Illumina HiSeq 2500	2821168	234156944	111496522	c6250a4e572cea82e4d0520453b7a4b8	ftp.sra.ebi.ac.uk/vol1/fastq/SRR299/007/SRR29909007/SRR29909007.fastq.gz	false	false	EXCLUDED	not WGS paired-end
SRR29909008	SAMN42721173	SRS22066677	PRJNA1138464	SRP521244	SRX25404140	Vigna angularis	RAD-Seq	SINGLE	GENOMIC	Restriction Digest	ILLUMINA	Illumina HiSeq 2500	2674363	221972129	104543084	1e983a24f650b170813d0634b7844cb6	ftp.sra.ebi.ac.uk/vol1/fastq/SRR299/008/SRR29909008/SRR29909008.fastq.gz	false	false	EXCLUDED	not WGS paired-end
SRR29909009	SAMN42721172	SRS22066676	PRJNA1138464	SRP521244	SRX25404139	Vigna angularis	RAD-Seq	SINGLE	GENOMIC	Restriction Digest	ILLUMINA	Illumina HiSeq 2500	2692133	223447039	107820034	9893f9041578fcadfaedcdd7a74ae9be	ftp.sra.ebi.ac.uk/vol1/fastq/SRR299/009/SRR29909009/SRR29909009.fastq.gz	false	false	EXCLUDED	not WGS paired-end
SRR29909010	SAMN42721171	SRS22066675	PRJNA1138464	SRP521244	SRX25404138	Vigna angularis	RAD-Seq	SINGLE	GENOMIC	Restriction Digest	ILLUMINA	Illumina HiSeq 2500	2841964	235883012	113069436	da9921b28fb687ab2ee3ad70fd0d4dac	ftp.sra.ebi.ac.uk/vol1/fastq/SRR299/010/SRR29909010/SRR29909010.fastq.gz	false	false	EXCLUDED	not WGS paired-end
SRR29909011	SAMN42721170	SRS22066674	PRJNA1138464	SRP521244	SRX25404137	Vigna angularis	WGS	PAIRED	GENOMIC	size fractionation	ILLUMINA	Illumina HiSeq X	25064263	7519278900	2061733225;2323949186	442572ae526119851e0b008fcad1f32c;346f591ffcbc42eb297329dc72302180	ftp.sra.ebi.ac.uk/vol1/fastq/SRR299/011/SRR29909011/SRR29909011_1.fastq.gz;ftp.sra.ebi.ac.uk/vol1/fastq/SRR299/011/SRR29909011/SRR29909011_2.fastq.gz	false	false	EXCLUDED	outside frozen51 cohort
SRR29909012	SAMN42721169	SRS22066673	PRJNA1138464	SRP521244	SRX25404136	Vigna angularis	RAD-Seq	SINGLE	GENOMIC	Restriction Digest	ILLUMINA	Illumina HiSeq 2500	2873437	238495271	115069595	8b8e1f93dc90a8bed3ac6a863cf845dd	ftp.sra.ebi.ac.uk/vol1/fastq/SRR299/012/SRR29909012/SRR29909012.fastq.gz	false	false	EXCLUDED	not WGS paired-end
SRR29909013	SAMN42721139	SRS22066672	PRJNA1138464	SRP521244	SRX25404135	Vigna angularis	WGS	PAIRED	GENOMIC	size fractionation	ILLUMINA	Illumina HiSeq X	25088971	7526691300	2075717996;2303511955	d8b24474438aa91cd6b644c4a7c51554;289ff22d70c13c8cfcd0a996b7eab6cd	ftp.sra.ebi.ac.uk/vol1/fastq/SRR299/013/SRR29909013/SRR29909013_1.fastq.gz;ftp.sra.ebi.ac.uk/vol1/fastq/SRR299/013/SRR29909013/SRR29909013_2.fastq.gz	false	false	EXCLUDED	outside frozen51 cohort
SRR29909014	SAMN42721138	SRS22066671	PRJNA1138464	SRP521244	SRX25404134	Vigna angularis	RAD-Seq	SINGLE	GENOMIC	Restriction Digest	ILLUMINA	Illumina HiSeq 2500	2802582	232614306	111377039	2793c1a23bacf9cb1dfdcec278f2c694	ftp.sra.ebi.ac.uk/vol1/fastq/SRR299/014/SRR29909014/SRR29909014.fastq.gz	false	false	EXCLUDED	not WGS paired-end
SRR29909015	SAMN42720922	SRS22066670	PRJNA1138464	SRP521244	SRX25404133	Vigna angularis	WGS	PAIRED	GENOMIC	size fractionation	ILLUMINA	Illumina HiSeq X	26181929	7854578700	2095329157;2453294010	167d5b3d300704e5ebc4cec07c666c76;b8da4a2f033983d594a7ac7fe85adbc4	ftp.sra.ebi.ac.uk/vol1/fastq/SRR299/015/SRR29909015/SRR29909015_1.fastq.gz;ftp.sra.ebi.ac.uk/vol1/fastq/SRR299/015/SRR29909015/SRR29909015_2.fastq.gz	false	false	EXCLUDED	outside frozen51 cohort
SRR29909016	SAMN42721137	SRS22066669	PRJNA1138464	SRP521244	SRX25404132	Vigna angularis	RAD-Seq	SINGLE	GENOMIC	Restriction Digest	ILLUMINA	Illumina HiSeq 2500	2694966	223682178	107742878	0d07e4fb47ec55687e0cd8723be8cd29	ftp.sra.ebi.ac.uk/vol1/fastq/SRR299/016/SRR29909016/SRR29909016.fastq.gz	false	false	EXCLUDED	not WGS paired-end
SRR29909017	SAMN42721136	SRS22066668	PRJNA1138464	SRP521244	SRX25404131	Vigna angularis	RAD-Seq	SINGLE	GENOMIC	Restriction Digest	ILLUMINA	Illumina HiSeq 2500	2978296	247198568	119376739	14e1479c5c333b339bd74acbd8d52f82	ftp.sra.ebi.ac.uk/vol1/fastq/SRR299/017/SRR29909017/SRR29909017.fastq.gz	false	false	EXCLUDED	not WGS paired-end
SRR29909018	SAMN42721135	SRS22066667	PRJNA1138464	SRP521244	SRX25404130	Vigna angularis	WGS	PAIRED	GENOMIC	size fractionation	ILLUMINA	Illumina HiSeq X	28146599	8443979700	2339137857;2601786655	982fe668f0658fd5189a89a4d74d3b73;7d041518ec35678f70905d0cabd50851	ftp.sra.ebi.ac.uk/vol1/fastq/SRR299/018/SRR29909018/SRR29909018_1.fastq.gz;ftp.sra.ebi.ac.uk/vol1/fastq/SRR299/018/SRR29909018/SRR29909018_2.fastq.gz	false	false	EXCLUDED	outside frozen51 cohort
SRR29909019	SAMN42721134	SRS22066666	PRJNA1138464	SRP521244	SRX25404129	Vigna angularis	RAD-Seq	SINGLE	GENOMIC	Restriction Digest	ILLUMINA	Illumina HiSeq 2500	2517583	208959389	100528016	684aaa2d1febc586e35d105b0408cb34	ftp.sra.ebi.ac.uk/vol1/fastq/SRR299/019/SRR29909019/SRR29909019.fastq.gz	false	false	EXCLUDED	not WGS paired-end
SRR29909020	SAMN42721133	SRS22066665	PRJNA1138464	SRP521244	SRX25404128	Vigna angularis	RAD-Seq	SINGLE	GENOMIC	Restriction Digest	ILLUMINA	Illumina HiSeq 2500	2451666	203488278	100023371	5d13e3d5537ad45d26f268c329019814	ftp.sra.ebi.ac.uk/vol1/fastq/SRR299/020/SRR29909020/SRR29909020.fastq.gz	false	false	EXCLUDED	not WGS paired-end
SRR29909021	SAMN42721132	SRS22066663	PRJNA1138464	SRP521244	SRX25404127	Vigna angularis	RAD-Seq	SINGLE	GENOMIC	Restriction Digest	ILLUMINA	Illumina HiSeq 2500	2525054	209579482	102059515	cfa753cffa30f8265eaa40f1ca4b7903	ftp.sra.ebi.ac.uk/vol1/fastq/SRR299/021/SRR29909021/SRR29909021.fastq.gz	false	false	EXCLUDED	not WGS paired-end
SRR29909022	SAMN42721131	SRS22066664	PRJNA1138464	SRP521244	SRX25404126	Vigna angularis	RAD-Seq	SINGLE	GENOMIC	Restriction Digest	ILLUMINA	Illumina HiSeq 2500	2860690	237437270	115621859	00d806a60931a1853024d0dd815c429c	ftp.sra.ebi.ac.uk/vol1/fastq/SRR299/022/SRR29909022/SRR29909022.fastq.gz	false	false	EXCLUDED	not WGS paired-end
SRR29909023	SAMN42721130	SRS22066662	PRJNA1138464	SRP521244	SRX25404125	Vigna angularis	WGS	PAIRED	GENOMIC	size fractionation	ILLUMINA	Illumina HiSeq X	36872974	11061892200	2995028678;3247339256	dfab2c1e5cb98a4b465b3731fc59da9f;764199d1f2b614d277e98ac726058d75	ftp.sra.ebi.ac.uk/vol1/fastq/SRR299/023/SRR29909023/SRR29909023_1.fastq.gz;ftp.sra.ebi.ac.uk/vol1/fastq/SRR299/023/SRR29909023/SRR29909023_2.fastq.gz	false	false	EXCLUDED	outside frozen51 cohort
SRR29909024	SAMN42721129	SRS22066661	PRJNA1138464	SRP521244	SRX25404124	Vigna angularis	WGS	PAIRED	GENOMIC	size fractionation	ILLUMINA	Illumina HiSeq X	30925044	9277513200	2566491423;2845728378	c93d40ab8c9da3cf878c9985d50ce4c4;ed10f35fb06616e78ff0484b63d45a43	ftp.sra.ebi.ac.uk/vol1/fastq/SRR299/024/SRR29909024/SRR29909024_1.fastq.gz;ftp.sra.ebi.ac.uk/vol1/fastq/SRR299/024/SRR29909024/SRR29909024_2.fastq.gz	false	false	EXCLUDED	outside frozen51 cohort
SRR29909025	SAMN42721128	SRS22066660	PRJNA1138464	SRP521244	SRX25404123	Vigna angularis	RAD-Seq	SINGLE	GENOMIC	Restriction Digest	ILLUMINA	Illumina HiSeq 2500	2592980	215217340	106073866	07ecbfcd80f4386a6a5ccbaa8d847522	ftp.sra.ebi.ac.uk/vol1/fastq/SRR299/025/SRR29909025/SRR29909025.fastq.gz	false	false	EXCLUDED	not WGS paired-end
SRR29909026	SAMN42720921	SRS22066659	PRJNA1138464	SRP521244	SRX25404122	Vigna angularis	WGS	PAIRED	GENOMIC	size fractionation	ILLUMINA	Illumina HiSeq X	26644419	7993325700	2126280400;2393895512	2bfa6a195c420428222b851db2f803b9;d872de7b9e29479b4caadb58936b4c89	ftp.sra.ebi.ac.uk/vol1/fastq/SRR299/026/SRR29909026/SRR29909026_1.fastq.gz;ftp.sra.ebi.ac.uk/vol1/fastq/SRR299/026/SRR29909026/SRR29909026_2.fastq.gz	false	false	EXCLUDED	outside frozen51 cohort
SRR29909027	SAMN42721127	SRS22066658	PRJNA1138464	SRP521244	SRX25404121	Vigna angularis	WGS	PAIRED	GENOMIC	size fractionation	ILLUMINA	Illumina HiSeq X	28126386	8437915800	2231888820;2613732353	0abc7dba684f9e57964bd709c44a84b2;45198e4a220d2a3d53f88af740d903b9	ftp.sra.ebi.ac.uk/vol1/fastq/SRR299/027/SRR29909027/SRR29909027_1.fastq.gz;ftp.sra.ebi.ac.uk/vol1/fastq/SRR299/027/SRR29909027/SRR29909027_2.fastq.gz	false	false	EXCLUDED	outside frozen51 cohort
SRR29909028	SAMN42721126	SRS22066657	PRJNA1138464	SRP521244	SRX25404120	Vigna angularis	WGS	PAIRED	GENOMIC	size fractionation	ILLUMINA	Illumina HiSeq X	32200855	9660256500	2554809297;3015805597	9f5ce04217fac0ec49f9258d24cfc332;2b4beabb28e4e93082836977ce77eadf	ftp.sra.ebi.ac.uk/vol1/fastq/SRR299/028/SRR29909028/SRR29909028_1.fastq.gz;ftp.sra.ebi.ac.uk/vol1/fastq/SRR299/028/SRR29909028/SRR29909028_2.fastq.gz	false	false	EXCLUDED	outside frozen51 cohort
SRR29909029	SAMN42721125	SRS22066656	PRJNA1138464	SRP521244	SRX25404119	Vigna angularis	RAD-Seq	SINGLE	GENOMIC	Restriction Digest	ILLUMINA	Illumina HiSeq 2500	3217689	267068187	130052655	5ee5af169fa51d45cc0381844459041c	ftp.sra.ebi.ac.uk/vol1/fastq/SRR299/029/SRR29909029/SRR29909029.fastq.gz	false	false	EXCLUDED	not WGS paired-end
SRR29909030	SAMN42721124	SRS22066655	PRJNA1138464	SRP521244	SRX25404118	Vigna angularis	RAD-Seq	SINGLE	GENOMIC	Restriction Digest	ILLUMINA	Illumina HiSeq 2500	3007377	249612291	122558302	d66a4543a9e87c4242151640005113f5	ftp.sra.ebi.ac.uk/vol1/fastq/SRR299/030/SRR29909030/SRR29909030.fastq.gz	false	false	EXCLUDED	not WGS paired-end
SRR29909031	SAMN42721123	SRS22066654	PRJNA1138464	SRP521244	SRX25404117	Vigna angularis	RAD-Seq	SINGLE	GENOMIC	Restriction Digest	ILLUMINA	Illumina HiSeq 2500	2039782	169301906	84172890	e433d26d84dd2336aac612b4b026d409	ftp.sra.ebi.ac.uk/vol1/fastq/SRR299/031/SRR29909031/SRR29909031.fastq.gz	false	false	EXCLUDED	not WGS paired-end
SRR29909032	SAMN42721122	SRS22066653	PRJNA1138464	SRP521244	SRX25404116	Vigna angularis	RAD-Seq	SINGLE	GENOMIC	Restriction Digest	ILLUMINA	Illumina HiSeq 2500	2365986	196376838	97145832	70ad0f8ab40306a9904ea110b8603411	ftp.sra.ebi.ac.uk/vol1/fastq/SRR299/032/SRR29909032/SRR29909032.fastq.gz	false	false	EXCLUDED	not WGS paired-end
SRR29909033	SAMN42721121	SRS22066652	PRJNA1138464	SRP521244	SRX25404115	Vigna angularis	RAD-Seq	SINGLE	GENOMIC	Restriction Digest	ILLUMINA	Illumina HiSeq 2500	2677153	222203699	105649063	c596d1311780fde5682d2832c1ff5463	ftp.sra.ebi.ac.uk/vol1/fastq/SRR299/033/SRR29909033/SRR29909033.fastq.gz	false	false	EXCLUDED	not WGS paired-end
SRR29909034	SAMN42721120	SRS22066651	PRJNA1138464	SRP521244	SRX25404114	Vigna angularis	RAD-Seq	SINGLE	GENOMIC	Restriction Digest	ILLUMINA	Illumina HiSeq 2500	2644273	219474659	108786309	5454e923b2beb1b7645dac30931397cd	ftp.sra.ebi.ac.uk/vol1/fastq/SRR299/034/SRR29909034/SRR29909034.fastq.gz	false	false	EXCLUDED	not WGS paired-end
SRR29909035	SAMN42721119	SRS22066650	PRJNA1138464	SRP521244	SRX25404113	Vigna angularis	RAD-Seq	SINGLE	GENOMIC	Restriction Digest	ILLUMINA	Illumina HiSeq 2500	2740234	227439422	110636148	e0bad08febb1bca500a390aeb5374554	ftp.sra.ebi.ac.uk/vol1/fastq/SRR299/035/SRR29909035/SRR29909035.fastq.gz	false	false	EXCLUDED	not WGS paired-end
SRR29909036	SAMN42721118	SRS22066649	PRJNA1138464	SRP521244	SRX25404112	Vigna angularis	RAD-Seq	SINGLE	GENOMIC	Restriction Digest	ILLUMINA	Illumina HiSeq 2500	2478386	205706038	97566437	99312567d14c3d8881c18ad693df381c	ftp.sra.ebi.ac.uk/vol1/fastq/SRR299/036/SRR29909036/SRR29909036.fastq.gz	false	false	EXCLUDED	not WGS paired-end
SRR29909037	SAMN42720920	SRS22066647	PRJNA1138464	SRP521244	SRX25404111	Vigna angularis	WGS	PAIRED	GENOMIC	size fractionation	ILLUMINA	Illumina HiSeq X	33671610	10101483000	2688079127;3174584513	a42056ed590fed94b71117d2301266bd;45d29032336e86eaaf1b7ae4a235e137	ftp.sra.ebi.ac.uk/vol1/fastq/SRR299/037/SRR29909037/SRR29909037_1.fastq.gz;ftp.sra.ebi.ac.uk/vol1/fastq/SRR299/037/SRR29909037/SRR29909037_2.fastq.gz	false	false	EXCLUDED	outside frozen51 cohort
SRR29909038	SAMN42721117	SRS22066648	PRJNA1138464	SRP521244	SRX25404110	Vigna angularis	RAD-Seq	SINGLE	GENOMIC	Restriction Digest	ILLUMINA	Illumina HiSeq 2500	2905037	241118071	113183861	df913f1e1392db3651b399aa12b224e1	ftp.sra.ebi.ac.uk/vol1/fastq/SRR299/038/SRR29909038/SRR29909038.fastq.gz	false	false	EXCLUDED	not WGS paired-end
SRR29909039	SAMN42721116	SRS22066646	PRJNA1138464	SRP521244	SRX25404109	Vigna angularis	RAD-Seq	SINGLE	GENOMIC	Restriction Digest	ILLUMINA	Illumina HiSeq 2500	2793441	231855603	109472025	28800155ed62a28b1c704d21916c7425	ftp.sra.ebi.ac.uk/vol1/fastq/SRR299/039/SRR29909039/SRR29909039.fastq.gz	false	false	EXCLUDED	not WGS paired-end
SRR29909040	SAMN42721115	SRS22066645	PRJNA1138464	SRP521244	SRX25404108	Vigna angularis	WGS	PAIRED	GENOMIC	size fractionation	ILLUMINA	Illumina HiSeq X	33479388	10043816400	2645450611;3015354850	0f5cac3418d9863eac35bb7fbf79b1c5;cee5428cd4999c70fc7c49b85e415812	ftp.sra.ebi.ac.uk/vol1/fastq/SRR299/040/SRR29909040/SRR29909040_1.fastq.gz;ftp.sra.ebi.ac.uk/vol1/fastq/SRR299/040/SRR29909040/SRR29909040_2.fastq.gz	false	false	EXCLUDED	outside frozen51 cohort
SRR29909041	SAMN42721114	SRS22066644	PRJNA1138464	SRP521244	SRX25404107	Vigna angularis	RAD-Seq	SINGLE	GENOMIC	Restriction Digest	ILLUMINA	Illumina HiSeq 2500	2891856	240024048	114931643	c7bf2710566f89ff474ac3fd5a35c3c3	ftp.sra.ebi.ac.uk/vol1/fastq/SRR299/041/SRR29909041/SRR29909041.fastq.gz	false	false	EXCLUDED	not WGS paired-end
SRR29909042	SAMN42721113	SRS22066643	PRJNA1138464	SRP521244	SRX25404106	Vigna angularis	RAD-Seq	SINGLE	GENOMIC	Restriction Digest	ILLUMINA	Illumina HiSeq 2500	2738422	227289026	107549283	96b8f22035af11ce4f549e7cc65ac99e	ftp.sra.ebi.ac.uk/vol1/fastq/SRR299/042/SRR29909042/SRR29909042.fastq.gz	false	false	EXCLUDED	not WGS paired-end
SRR29909043	SAMN42721112	SRS22066642	PRJNA1138464	SRP521244	SRX25404105	Vigna angularis	WGS	PAIRED	GENOMIC	size fractionation	ILLUMINA	Illumina HiSeq X	31356669	9407000700	2484807139;2787199958	758dbe2881007f62957beea4acff75ac;62518cf20025f6bddfc8b4b6a28c875e	ftp.sra.ebi.ac.uk/vol1/fastq/SRR299/043/SRR29909043/SRR29909043_1.fastq.gz;ftp.sra.ebi.ac.uk/vol1/fastq/SRR299/043/SRR29909043/SRR29909043_2.fastq.gz	false	false	EXCLUDED	outside frozen51 cohort
SRR29909044	SAMN42721111	SRS22066641	PRJNA1138464	SRP521244	SRX25404104	Vigna angularis	RAD-Seq	SINGLE	GENOMIC	Restriction Digest	ILLUMINA	Illumina HiSeq 2500	2879451	238994433	112932767	6d316247fa98f08663e7993e627a1a07	ftp.sra.ebi.ac.uk/vol1/fastq/SRR299/044/SRR29909044/SRR29909044.fastq.gz	false	false	EXCLUDED	not WGS paired-end
SRR29909045	SAMN42720986	SRS22066640	PRJNA1138464	SRP521244	SRX25404103	Vigna angularis	RAD-Seq	SINGLE	GENOMIC	Restriction Digest	ILLUMINA	Illumina HiSeq 2500	2735717	227064511	104745553	5c2a77bd9837fc221193a4be42cf468b	ftp.sra.ebi.ac.uk/vol1/fastq/SRR299/045/SRR29909045/SRR29909045.fastq.gz	false	false	EXCLUDED	not WGS paired-end
SRR29909046	SAMN42720985	SRS22066639	PRJNA1138464	SRP521244	SRX25404102	Vigna angularis	WGS	PAIRED	GENOMIC	size fractionation	ILLUMINA	Illumina HiSeq X	33319019	9995705700	2626849884;2952078882	8f089795f97ef1bc571eb08ea7491702;ab1f6d327331288d07555fcea813ac70	ftp.sra.ebi.ac.uk/vol1/fastq/SRR299/046/SRR29909046/SRR29909046_1.fastq.gz;ftp.sra.ebi.ac.uk/vol1/fastq/SRR299/046/SRR29909046/SRR29909046_2.fastq.gz	false	false	EXCLUDED	outside frozen51 cohort
SRR29909047	SAMN42720984	SRS22066638	PRJNA1138464	SRP521244	SRX25404101	Vigna angularis	WGS	PAIRED	GENOMIC	size fractionation	ILLUMINA	Illumina HiSeq X	24603595	7381078500	1980481330;2295318537	4e3351a8e0e276c9549aded47b1945f0;12fe5accdc2fe8f6989ed7f703ec3ee9	ftp.sra.ebi.ac.uk/vol1/fastq/SRR299/047/SRR29909047/SRR29909047_1.fastq.gz;ftp.sra.ebi.ac.uk/vol1/fastq/SRR299/047/SRR29909047/SRR29909047_2.fastq.gz	false	false	EXCLUDED	outside frozen51 cohort
SRR29909048	SAMN42720983	SRS22066637	PRJNA1138464	SRP521244	SRX25404100	Vigna angularis	WGS	PAIRED	GENOMIC	size fractionation	ILLUMINA	Illumina HiSeq X	26438212	7931463600	2131050492;2481714620	7c913c19d7d6a8336719dcc27b63f067;d79d0636ccb575694e82b095ca3835a1	ftp.sra.ebi.ac.uk/vol1/fastq/SRR299/048/SRR29909048/SRR29909048_1.fastq.gz;ftp.sra.ebi.ac.uk/vol1/fastq/SRR299/048/SRR29909048/SRR29909048_2.fastq.gz	false	false	EXCLUDED	outside frozen51 cohort
SRR29909049	SAMN42720982	SRS22066636	PRJNA1138464	SRP521244	SRX25404099	Vigna angularis	WGS	PAIRED	GENOMIC	size fractionation	ILLUMINA	Illumina HiSeq X	25095412	7528623600	2075184281;2204463946	25de1effcb847bfa20123c9000e2afec;04444496e66c0d06f96f16ecbb08d7f5	ftp.sra.ebi.ac.uk/vol1/fastq/SRR299/049/SRR29909049/SRR29909049_1.fastq.gz;ftp.sra.ebi.ac.uk/vol1/fastq/SRR299/049/SRR29909049/SRR29909049_2.fastq.gz	false	false	EXCLUDED	outside frozen51 cohort
SRR29909050	SAMN42720981	SRS22066635	PRJNA1138464	SRP521244	SRX25404098	Vigna angularis	WGS	PAIRED	GENOMIC	size fractionation	ILLUMINA	Illumina HiSeq X	24279050	7283715000	1942562018;2051619843	fb06314aec17e0e1a6604926f97fc210;487f07de4e6440e97ef118673ec8a5fa	ftp.sra.ebi.ac.uk/vol1/fastq/SRR299/050/SRR29909050/SRR29909050_1.fastq.gz;ftp.sra.ebi.ac.uk/vol1/fastq/SRR299/050/SRR29909050/SRR29909050_2.fastq.gz	false	false	EXCLUDED	outside frozen51 cohort
SRR29909051	SAMN42720980	SRS22066634	PRJNA1138464	SRP521244	SRX25404097	Vigna angularis	WGS	PAIRED	GENOMIC	size fractionation	ILLUMINA	Illumina HiSeq X	34733759	10420127700	2741551755;3102046295	90eea28ba690e22a655a8bb293642f0d;fd86ee5b05b700db7babe978d477278f	ftp.sra.ebi.ac.uk/vol1/fastq/SRR299/051/SRR29909051/SRR29909051_1.fastq.gz;ftp.sra.ebi.ac.uk/vol1/fastq/SRR299/051/SRR29909051/SRR29909051_2.fastq.gz	false	false	EXCLUDED	outside frozen51 cohort
SRR29909052	SAMN42720979	SRS22066633	PRJNA1138464	SRP521244	SRX25404096	Vigna angularis	WGS	PAIRED	GENOMIC	size fractionation	ILLUMINA	Illumina HiSeq X	27292124	8187637200	2172416745;2568319710	ce947bf99d468c9ec15edae0c4aa9fa9;966189aaf09aae1f54d46fddc52dd32d	ftp.sra.ebi.ac.uk/vol1/fastq/SRR299/052/SRR29909052/SRR29909052_1.fastq.gz;ftp.sra.ebi.ac.uk/vol1/fastq/SRR299/052/SRR29909052/SRR29909052_2.fastq.gz	false	false	EXCLUDED	outside frozen51 cohort
SRR29909053	SAMN42720978	SRS22066632	PRJNA1138464	SRP521244	SRX25404095	Vigna angularis	RAD-Seq	SINGLE	GENOMIC	Restriction Digest	ILLUMINA	Illumina HiSeq 2500	2706784	224663072	103730060	db7a5ae6eed9a45723feadd39f051d3a	ftp.sra.ebi.ac.uk/vol1/fastq/SRR299/053/SRR29909053/SRR29909053.fastq.gz	false	false	EXCLUDED	not WGS paired-end
SRR29909054	SAMN42720906	SRS22066631	PRJNA1138464	SRP521244	SRX25404094	Vigna angularis	RAD-Seq	SINGLE	GENOMIC	Restriction Digest	ILLUMINA	Illumina HiSeq 2500	2809704	233205432	107013395	4cd9d157b8ec7291d10da1fd338de6b4	ftp.sra.ebi.ac.uk/vol1/fastq/SRR299/054/SRR29909054/SRR29909054.fastq.gz	false	false	EXCLUDED	not WGS paired-end
SRR29909055	SAMN42720977	SRS22066630	PRJNA1138464	SRP521244	SRX25404093	Vigna angularis	WGS	PAIRED	GENOMIC	size fractionation	ILLUMINA	Illumina HiSeq X	26822390	8046717000	2139956806;2497706272	8897f096c7b05461395b52845d6b362b;ed4d9381afafc152c7c6bb53148b06a5	ftp.sra.ebi.ac.uk/vol1/fastq/SRR299/055/SRR29909055/SRR29909055_1.fastq.gz;ftp.sra.ebi.ac.uk/vol1/fastq/SRR299/055/SRR29909055/SRR29909055_2.fastq.gz	false	false	EXCLUDED	outside frozen51 cohort
SRR29909056	SAMN42720976	SRS22066629	PRJNA1138464	SRP521244	SRX25404092	Vigna angularis	WGS	PAIRED	GENOMIC	size fractionation	ILLUMINA	Illumina HiSeq X	25293188	7587956400	2041045476;2172577804	8d63928813b83a7bcf033c77bc451518;6cecfe416d4b04bf0f7842524669e737	ftp.sra.ebi.ac.uk/vol1/fastq/SRR299/056/SRR29909056/SRR29909056_1.fastq.gz;ftp.sra.ebi.ac.uk/vol1/fastq/SRR299/056/SRR29909056/SRR29909056_2.fastq.gz	false	false	EXCLUDED	outside frozen51 cohort
SRR29909057	SAMN42720975	SRS22066628	PRJNA1138464	SRP521244	SRX25404091	Vigna angularis	WGS	PAIRED	GENOMIC	size fractionation	ILLUMINA	Illumina HiSeq X	25998207	7799462100	2073634358;2227969579	48c79739caff0f6b1b91766e3ee2754a;5bf1ae69cdc7367a0a5cf4f2e404fdd6	ftp.sra.ebi.ac.uk/vol1/fastq/SRR299/057/SRR29909057/SRR29909057_1.fastq.gz;ftp.sra.ebi.ac.uk/vol1/fastq/SRR299/057/SRR29909057/SRR29909057_2.fastq.gz	false	false	EXCLUDED	outside frozen51 cohort
SRR29909058	SAMN42720974	SRS22066627	PRJNA1138464	SRP521244	SRX25404090	Vigna angularis	WGS	PAIRED	GENOMIC	size fractionation	ILLUMINA	Illumina HiSeq X	23538337	7061501100	1893205717;2047842054	19e2ff2ff9c392266d75603bd6d6bb22;d9dc7e8344414d8c35fd8b9ce4b01fb0	ftp.sra.ebi.ac.uk/vol1/fastq/SRR299/058/SRR29909058/SRR29909058_1.fastq.gz;ftp.sra.ebi.ac.uk/vol1/fastq/SRR299/058/SRR29909058/SRR29909058_2.fastq.gz	false	false	EXCLUDED	outside frozen51 cohort
SRR29909059	SAMN42720973	SRS22066626	PRJNA1138464	SRP521244	SRX25404089	Vigna angularis	WGS	PAIRED	GENOMIC	size fractionation	ILLUMINA	Illumina HiSeq X	25613513	7684053900	2056163630;2209052395	236d6a0f9438c65d7fa4602a076e9d3c;e684fecae08c643c96b03c5dbfc25382	ftp.sra.ebi.ac.uk/vol1/fastq/SRR299/059/SRR29909059/SRR29909059_1.fastq.gz;ftp.sra.ebi.ac.uk/vol1/fastq/SRR299/059/SRR29909059/SRR29909059_2.fastq.gz	false	false	EXCLUDED	outside frozen51 cohort
SRR29909060	SAMN42720972	SRS22066625	PRJNA1138464	SRP521244	SRX25404088	Vigna angularis	WGS	PAIRED	GENOMIC	size fractionation	ILLUMINA	Illumina HiSeq X	31138833	9341649900	2484286560;2643477326	e39704fe26c8a974e0f2c568475b26cb;931525025365f96037944e6d63577903	ftp.sra.ebi.ac.uk/vol1/fastq/SRR299/060/SRR29909060/SRR29909060_1.fastq.gz;ftp.sra.ebi.ac.uk/vol1/fastq/SRR299/060/SRR29909060/SRR29909060_2.fastq.gz	false	false	EXCLUDED	outside frozen51 cohort
SRR29909061	SAMN42720971	SRS22066624	PRJNA1138464	SRP521244	SRX25404087	Vigna angularis	RAD-Seq	SINGLE	GENOMIC	Restriction Digest	ILLUMINA	Illumina HiSeq 2500	2811751	233375333	107669807	6b7028c73714e72d4ce9433c17dcb181	ftp.sra.ebi.ac.uk/vol1/fastq/SRR299/061/SRR29909061/SRR29909061.fastq.gz	false	false	EXCLUDED	not WGS paired-end
SRR29909062	SAMN42720970	SRS22066623	PRJNA1138464	SRP521244	SRX25404086	Vigna angularis	RAD-Seq	SINGLE	GENOMIC	Restriction Digest	ILLUMINA	Illumina HiSeq 2500	2698114	223943462	105738669	825df4c54ec53377e5ac89c7f14e2788	ftp.sra.ebi.ac.uk/vol1/fastq/SRR299/062/SRR29909062/SRR29909062.fastq.gz	false	false	EXCLUDED	not WGS paired-end
SRR29909063	SAMN42720969	SRS22066622	PRJNA1138464	SRP521244	SRX25404085	Vigna angularis	WGS	PAIRED	GENOMIC	size fractionation	ILLUMINA	Illumina HiSeq X	23789931	7136979300	1914190443;2051985005	7a100580c635f083a7b45ddace297dba;291f697f8ec685471933bf42419275fb	ftp.sra.ebi.ac.uk/vol1/fastq/SRR299/063/SRR29909063/SRR29909063_1.fastq.gz;ftp.sra.ebi.ac.uk/vol1/fastq/SRR299/063/SRR29909063/SRR29909063_2.fastq.gz	false	false	EXCLUDED	outside frozen51 cohort
SRR29909064	SAMN42720968	SRS22066621	PRJNA1138464	SRP521244	SRX25404084	Vigna angularis	WGS	PAIRED	GENOMIC	size fractionation	ILLUMINA	Illumina HiSeq X	35898787	10769636100	2838985977;2988563557	44321f31d71abb33ddd9c23a4b29b8de;0762d0e9e9bb74ebc93460306b46804d	ftp.sra.ebi.ac.uk/vol1/fastq/SRR299/064/SRR29909064/SRR29909064_1.fastq.gz;ftp.sra.ebi.ac.uk/vol1/fastq/SRR299/064/SRR29909064/SRR29909064_2.fastq.gz	false	false	EXCLUDED	outside frozen51 cohort
SRR29909065	SAMN42720905	SRS22066620	PRJNA1138464	SRP521244	SRX25404083	Vigna angularis	WGS	PAIRED	GENOMIC	size fractionation	ILLUMINA	Illumina HiSeq X	25167505	7550251500	1983511997;2167855858	2bdeb1986a42d62a0f93292b34dfc336;7c2ab04229d16260152819a46c25fc3d	ftp.sra.ebi.ac.uk/vol1/fastq/SRR299/065/SRR29909065/SRR29909065_1.fastq.gz;ftp.sra.ebi.ac.uk/vol1/fastq/SRR299/065/SRR29909065/SRR29909065_2.fastq.gz	false	false	EXCLUDED	outside frozen51 cohort
SRR29909066	SAMN42720967	SRS22066619	PRJNA1138464	SRP521244	SRX25404082	Vigna angularis	RAD-Seq	SINGLE	GENOMIC	Restriction Digest	ILLUMINA	Illumina HiSeq 2500	2529465	209945595	95804885	2f527f16dbfdfb1d86958a0167c3795e	ftp.sra.ebi.ac.uk/vol1/fastq/SRR299/066/SRR29909066/SRR29909066.fastq.gz	false	false	EXCLUDED	not WGS paired-end
SRR29909067	SAMN42721581	SRS22066618	PRJNA1138464	SRP521244	SRX25404081	Vigna angularis	WGS	PAIRED	GENOMIC	size fractionation	ILLUMINA	Illumina HiSeq X	11898859	3593455418	930802883;984769082	4caa309d3fec935029034ef763a2d7fa;6720cf91658b33c37065582e5608b6af	ftp.sra.ebi.ac.uk/vol1/fastq/SRR299/067/SRR29909067/SRR29909067_1.fastq.gz;ftp.sra.ebi.ac.uk/vol1/fastq/SRR299/067/SRR29909067/SRR29909067_2.fastq.gz	true	true	SELECTED	existing20 public cohort
SRR29909068	SAMN42721580	SRS22066617	PRJNA1138464	SRP521244	SRX25404080	Vigna angularis	WGS	PAIRED	GENOMIC	size fractionation	ILLUMINA	Illumina HiSeq X	14190310	4285473620	1104554504;1171988606	32d1419cd3c98cb56dbba67d88dcda1e;a96f0949561dd00697d372d33b627548	ftp.sra.ebi.ac.uk/vol1/fastq/SRR299/068/SRR29909068/SRR29909068_1.fastq.gz;ftp.sra.ebi.ac.uk/vol1/fastq/SRR299/068/SRR29909068/SRR29909068_2.fastq.gz	true	true	SELECTED	existing20 public cohort
SRR29909069	SAMN42721579	SRS22066616	PRJNA1138464	SRP521244	SRX25404079	Vigna angularis	WGS	PAIRED	GENOMIC	size fractionation	ILLUMINA	Illumina HiSeq X	10799006	3239701800	754891878;758880860	e01d94bceba4cd0121c27f1a53e5c13a;56bdeef51b47152dde421005bb0411cf	ftp.sra.ebi.ac.uk/vol1/fastq/SRR299/069/SRR29909069/SRR29909069_1.fastq.gz;ftp.sra.ebi.ac.uk/vol1/fastq/SRR299/069/SRR29909069/SRR29909069_2.fastq.gz	true	true	SELECTED	existing20 public cohort
SRR29909070	SAMN42721578	SRS22066615	PRJNA1138464	SRP521244	SRX25404078	Vigna angularis	WGS	PAIRED	GENOMIC	size fractionation	ILLUMINA	Illumina HiSeq X	12876407	3888674914	1018062815;1112317542	c56cab95d36e50206db55ab099038b3a;13d7a7c23e477f59c0170cb8f11fa3af	ftp.sra.ebi.ac.uk/vol1/fastq/SRR299/070/SRR29909070/SRR29909070_1.fastq.gz;ftp.sra.ebi.ac.uk/vol1/fastq/SRR299/070/SRR29909070/SRR29909070_2.fastq.gz	true	true	SELECTED	existing20 public cohort
SRR29909071	SAMN42720966	SRS22066614	PRJNA1138464	SRP521244	SRX25404077	Vigna angularis	RAD-Seq	SINGLE	GENOMIC	Restriction Digest	ILLUMINA	Illumina HiSeq 2500	2818915	233969945	107965140	23776d009ff603955a01245a98ce031f	ftp.sra.ebi.ac.uk/vol1/fastq/SRR299/071/SRR29909071/SRR29909071.fastq.gz	false	false	EXCLUDED	not WGS paired-end
SRR29909072	SAMN42721577	SRS22066613	PRJNA1138464	SRP521244	SRX25404076	Vigna angularis	WGS	PAIRED	GENOMIC	size fractionation	ILLUMINA	Illumina HiSeq X	11648925	3517975350	914716160;978478780	fb5c14a878afe168927c0deebfa4a0b2;4472c17856d10305b2695758acd886af	ftp.sra.ebi.ac.uk/vol1/fastq/SRR299/072/SRR29909072/SRR29909072_1.fastq.gz;ftp.sra.ebi.ac.uk/vol1/fastq/SRR299/072/SRR29909072/SRR29909072_2.fastq.gz	true	true	SELECTED	existing20 public cohort
SRR29909073	SAMN42721576	SRS22066612	PRJNA1138464	SRP521244	SRX25404075	Vigna angularis	WGS	PAIRED	GENOMIC	size fractionation	ILLUMINA	Illumina HiSeq X	12312881	3718490062	964145905;1034431808	9a30c8c58596ec862c9adac36e596d39;5f011c19411045aee6bb2f83f7d0c21d	ftp.sra.ebi.ac.uk/vol1/fastq/SRR299/073/SRR29909073/SRR29909073_1.fastq.gz;ftp.sra.ebi.ac.uk/vol1/fastq/SRR299/073/SRR29909073/SRR29909073_2.fastq.gz	true	true	SELECTED	existing20 public cohort
SRR29909074	SAMN42721575	SRS22066611	PRJNA1138464	SRP521244	SRX25404074	Vigna angularis	WGS	PAIRED	GENOMIC	size fractionation	ILLUMINA	Illumina HiSeq X	13061876	3944686552	1017983876;1083127169	8061eb7bf41256c39f7e577829c7a29f;8a260bd41e074e2a508771eff7ef640c	ftp.sra.ebi.ac.uk/vol1/fastq/SRR299/074/SRR29909074/SRR29909074_1.fastq.gz;ftp.sra.ebi.ac.uk/vol1/fastq/SRR299/074/SRR29909074/SRR29909074_2.fastq.gz	true	true	SELECTED	existing20 public cohort
SRR29909075	SAMN42721574	SRS22066610	PRJNA1138464	SRP521244	SRX25404073	Vigna nepalensis	WGS	PAIRED	GENOMIC	size fractionation	ILLUMINA	Illumina HiSeq X	47478707	14243612100	3433026724;3508648395	b950d46f918c03300d702537c275fca5;f2123518ff42fa8d2397fac4d161bd40	ftp.sra.ebi.ac.uk/vol1/fastq/SRR299/075/SRR29909075/SRR29909075_1.fastq.gz;ftp.sra.ebi.ac.uk/vol1/fastq/SRR299/075/SRR29909075/SRR29909075_2.fastq.gz	false	false	EXCLUDED	outside frozen51 cohort
SRR29909076	SAMN42721573	SRS22066609	PRJNA1138464	SRP521244	SRX25404072	Vigna angularis	WGS	PAIRED	GENOMIC	size fractionation	ILLUMINA	Illumina HiSeq X	32777319	9833195700	2398290711;2493592633	6fbcd1fea687e0d32a5bfbd42bac80d9;31878bf2af9ef998c42170d0afe54b05	ftp.sra.ebi.ac.uk/vol1/fastq/SRR299/076/SRR29909076/SRR29909076_1.fastq.gz;ftp.sra.ebi.ac.uk/vol1/fastq/SRR299/076/SRR29909076/SRR29909076_2.fastq.gz	false	false	EXCLUDED	outside frozen51 cohort
SRR29909077	SAMN42720951	SRS22066608	PRJNA1138464	SRP521244	SRX25404071	Vigna angularis	WGS	PAIRED	GENOMIC	size fractionation	ILLUMINA	Illumina HiSeq X	28329554	8498866200	2272938235;2744671492	ab2844a1d8d7acb1c94e1b6b23a48b85;c224fef4c4de6defabea633428d5d491	ftp.sra.ebi.ac.uk/vol1/fastq/SRR299/077/SRR29909077/SRR29909077_1.fastq.gz;ftp.sra.ebi.ac.uk/vol1/fastq/SRR299/077/SRR29909077/SRR29909077_2.fastq.gz	false	false	EXCLUDED	outside frozen51 cohort
SRR29909078	SAMN42721427	SRS22066607	PRJNA1138464	SRP521244	SRX25404070	Vigna angularis	RAD-Seq	SINGLE	GENOMIC	Restriction Digest	ILLUMINA	Illumina HiSeq 2500	2948485	244724255	112333010	a09b5a3c3cd9ef5b93e089385bff3151	ftp.sra.ebi.ac.uk/vol1/fastq/SRR299/078/SRR29909078/SRR29909078.fastq.gz	false	false	EXCLUDED	not WGS paired-end
SRR29909079	SAMN42721426	SRS22066606	PRJNA1138464	SRP521244	SRX25404069	Vigna angularis	RAD-Seq	SINGLE	GENOMIC	Restriction Digest	ILLUMINA	Illumina HiSeq 2500	2637525	218914575	103234810	dd88dfe54e4fee69aabc59a198322ce4	ftp.sra.ebi.ac.uk/vol1/fastq/SRR299/079/SRR29909079/SRR29909079.fastq.gz	false	false	EXCLUDED	not WGS paired-end
SRR29909080	SAMN42721425	SRS22066605	PRJNA1138464	SRP521244	SRX25404068	Vigna angularis	RAD-Seq	SINGLE	GENOMIC	Restriction Digest	ILLUMINA	Illumina HiSeq 2500	2555219	212083177	99388585	7bd11e051f12f5fc6880c1ece4257481	ftp.sra.ebi.ac.uk/vol1/fastq/SRR299/080/SRR29909080/SRR29909080.fastq.gz	false	false	EXCLUDED	not WGS paired-end
SRR29909081	SAMN42721424	SRS22066603	PRJNA1138464	SRP521244	SRX25404067	Vigna angularis	WGS	PAIRED	GENOMIC	size fractionation	ILLUMINA	Illumina HiSeq X	21082491	6324747300	1901731249;1977563744	f3d10e3957983e9596b543fb4a037960;58a0a98fd0f442c91d0d8f2b7222d9e8	ftp.sra.ebi.ac.uk/vol1/fastq/SRR299/081/SRR29909081/SRR29909081_1.fastq.gz;ftp.sra.ebi.ac.uk/vol1/fastq/SRR299/081/SRR29909081/SRR29909081_2.fastq.gz	false	false	EXCLUDED	outside frozen51 cohort
SRR29909082	SAMN42721423	SRS22066604	PRJNA1138464	SRP521244	SRX25404066	Vigna angularis	RAD-Seq	SINGLE	GENOMIC	Restriction Digest	ILLUMINA	Illumina HiSeq 2500	2584505	214513915	103167063	bc90c0da60a8ae5e4f517332b1112a9e	ftp.sra.ebi.ac.uk/vol1/fastq/SRR299/082/SRR29909082/SRR29909082.fastq.gz	false	false	EXCLUDED	not WGS paired-end
SRR29909083	SAMN42721422	SRS22066602	PRJNA1138464	SRP521244	SRX25404065	Vigna angularis	RAD-Seq	SINGLE	GENOMIC	Restriction Digest	ILLUMINA	Illumina HiSeq 2500	2514037	208665071	100133320	d1d2f5a109ad3ef77de862a6205c5ca5	ftp.sra.ebi.ac.uk/vol1/fastq/SRR299/083/SRR29909083/SRR29909083.fastq.gz	false	false	EXCLUDED	not WGS paired-end
SRR29909084	SAMN42721421	SRS22066601	PRJNA1138464	SRP521244	SRX25404064	Vigna angularis	RAD-Seq	SINGLE	GENOMIC	Restriction Digest	ILLUMINA	Illumina HiSeq 2500	2586204	214654932	102534631	5eec6cc4c34f0af2f5cd938a53f7aaaa	ftp.sra.ebi.ac.uk/vol1/fastq/SRR299/084/SRR29909084/SRR29909084.fastq.gz	false	false	EXCLUDED	not WGS paired-end
SRR29909085	SAMN42721420	SRS22066600	PRJNA1138464	SRP521244	SRX25404063	Vigna angularis	RAD-Seq	SINGLE	GENOMIC	Restriction Digest	ILLUMINA	Illumina HiSeq 2500	2658629	220666207	104674628	d83137a18451f58c030948123f1ecec2	ftp.sra.ebi.ac.uk/vol1/fastq/SRR299/085/SRR29909085/SRR29909085.fastq.gz	false	false	EXCLUDED	not WGS paired-end
SRR29909086	SAMN42721419	SRS22066599	PRJNA1138464	SRP521244	SRX25404062	Vigna angularis	RAD-Seq	SINGLE	GENOMIC	Restriction Digest	ILLUMINA	Illumina HiSeq 2500	2638541	218998903	102820525	58e9e2eaa88db9762cc343c46b05fa82	ftp.sra.ebi.ac.uk/vol1/fastq/SRR299/086/SRR29909086/SRR29909086.fastq.gz	false	false	EXCLUDED	not WGS paired-end
SRR29909087	SAMN42721418	SRS22066598	PRJNA1138464	SRP521244	SRX25404061	Vigna angularis	RAD-Seq	SINGLE	GENOMIC	Restriction Digest	ILLUMINA	Illumina HiSeq 2500	2362274	196068742	91215898	84f1cf34ee6044a73dc9d3558524c81f	ftp.sra.ebi.ac.uk/vol1/fastq/SRR299/087/SRR29909087/SRR29909087.fastq.gz	false	false	EXCLUDED	not WGS paired-end
SRR29909088	SAMN42720950	SRS22066597	PRJNA1138464	SRP521244	SRX25404060	Vigna angularis	WGS	PAIRED	GENOMIC	size fractionation	ILLUMINA	Illumina HiSeq X	24093456	7228036800	1925587415;2314279764	d904aed4692ca581a625b81bde523058;d0e5f76b452d5bd306647223e803219e	ftp.sra.ebi.ac.uk/vol1/fastq/SRR299/088/SRR29909088/SRR29909088_1.fastq.gz;ftp.sra.ebi.ac.uk/vol1/fastq/SRR299/088/SRR29909088/SRR29909088_2.fastq.gz	false	false	EXCLUDED	outside frozen51 cohort
SRR29909089	SAMN42721417	SRS22066596	PRJNA1138464	SRP521244	SRX25404059	Vigna angularis	RAD-Seq	SINGLE	GENOMIC	Restriction Digest	ILLUMINA	Illumina HiSeq 2500	2451507	203475081	98714919	e77e4195ee86687fadcda5f6ce635f11	ftp.sra.ebi.ac.uk/vol1/fastq/SRR299/089/SRR29909089/SRR29909089.fastq.gz	false	false	EXCLUDED	not WGS paired-end
SRR29909090	SAMN42721416	SRS22066595	PRJNA1138464	SRP521244	SRX25404058	Vigna angularis	WGS	PAIRED	GENOMIC	size fractionation	ILLUMINA	Illumina HiSeq X	26349435	7904830500	2104132839;2518991069	5f187d6845b637d171cf0c71d90f99b1;3e1a75f28e897a9f21ec62e7c88c9d95	ftp.sra.ebi.ac.uk/vol1/fastq/SRR299/090/SRR29909090/SRR29909090_1.fastq.gz;ftp.sra.ebi.ac.uk/vol1/fastq/SRR299/090/SRR29909090/SRR29909090_2.fastq.gz	false	false	EXCLUDED	outside frozen51 cohort
SRR29909091	SAMN42721415	SRS22066594	PRJNA1138464	SRP521244	SRX25404057	Vigna angularis	RAD-Seq	SINGLE	GENOMIC	Restriction Digest	ILLUMINA	Illumina HiSeq 2500	2485865	206326795	100215081	1119de50a23c3fb2e20709b2b059182a	ftp.sra.ebi.ac.uk/vol1/fastq/SRR299/091/SRR29909091/SRR29909091.fastq.gz	false	false	EXCLUDED	not WGS paired-end
SRR29909092	SAMN42721414	SRS22066593	PRJNA1138464	SRP521244	SRX25404056	Vigna angularis	RAD-Seq	SINGLE	GENOMIC	Restriction Digest	ILLUMINA	Illumina HiSeq 2500	2575001	213725083	102100847	2fd192dbea9c05167c9a5e3f8ef94d93	ftp.sra.ebi.ac.uk/vol1/fastq/SRR299/092/SRR29909092/SRR29909092.fastq.gz	false	false	EXCLUDED	not WGS paired-end
SRR29909093	SAMN42721413	SRS22066592	PRJNA1138464	SRP521244	SRX25404055	Vigna angularis	RAD-Seq	SINGLE	GENOMIC	Restriction Digest	ILLUMINA	Illumina HiSeq 2500	2255568	187212144	86545905	787caab1026cfed3110d22a9ccb68dac	ftp.sra.ebi.ac.uk/vol1/fastq/SRR299/093/SRR29909093/SRR29909093.fastq.gz	false	false	EXCLUDED	not WGS paired-end
SRR29909094	SAMN42721412	SRS22066591	PRJNA1138464	SRP521244	SRX25404054	Vigna angularis	RAD-Seq	SINGLE	GENOMIC	Restriction Digest	ILLUMINA	Illumina HiSeq 2500	2491154	206765782	97740637	8bd6d899b77653ac9b7e6530e6fe87a4	ftp.sra.ebi.ac.uk/vol1/fastq/SRR299/094/SRR29909094/SRR29909094.fastq.gz	false	false	EXCLUDED	not WGS paired-end
SRR29909095	SAMN42721411	SRS22066590	PRJNA1138464	SRP521244	SRX25404053	Vigna angularis	RAD-Seq	SINGLE	GENOMIC	Restriction Digest	ILLUMINA	Illumina HiSeq 2500	2416680	200584440	96928740	408d5398dbb30ded1362b2eb3591c147	ftp.sra.ebi.ac.uk/vol1/fastq/SRR299/095/SRR29909095/SRR29909095.fastq.gz	false	false	EXCLUDED	not WGS paired-end
SRR29909096	SAMN42721410	SRS22066589	PRJNA1138464	SRP521244	SRX25404052	Vigna angularis	RAD-Seq	SINGLE	GENOMIC	Restriction Digest	ILLUMINA	Illumina HiSeq 2500	2442413	202720279	97008232	19563cf39936c6941505ab674f0bfdda	ftp.sra.ebi.ac.uk/vol1/fastq/SRR299/096/SRR29909096/SRR29909096.fastq.gz	false	false	EXCLUDED	not WGS paired-end
SRR29909097	SAMN42721409	SRS22066588	PRJNA1138464	SRP521244	SRX25404051	Vigna angularis	WGS	PAIRED	GENOMIC	size fractionation	ILLUMINA	Illumina HiSeq X	29011463	8703438900	2281767283;2581231013	e4ad1b6b1643b1b201a2ed0b164e6fab;dfdcbbc02304230df9aeabf4cb5354c6	ftp.sra.ebi.ac.uk/vol1/fastq/SRR299/097/SRR29909097/SRR29909097_1.fastq.gz;ftp.sra.ebi.ac.uk/vol1/fastq/SRR299/097/SRR29909097/SRR29909097_2.fastq.gz	false	false	EXCLUDED	outside frozen51 cohort
SRR29909098	SAMN42721408	SRS22066587	PRJNA1138464	SRP521244	SRX25404050	Vigna angularis	WGS	PAIRED	GENOMIC	size fractionation	ILLUMINA	Illumina HiSeq X	19876395	5962918500	1798495736;1928302051	d2f7ab0e0aabeb30c5bbe43eb2e9a182;3850c3eeb4bf6974d7de0b2741b80bcf	ftp.sra.ebi.ac.uk/vol1/fastq/SRR299/098/SRR29909098/SRR29909098_1.fastq.gz;ftp.sra.ebi.ac.uk/vol1/fastq/SRR299/098/SRR29909098/SRR29909098_2.fastq.gz	false	false	EXCLUDED	outside frozen51 cohort
SRR29909099	SAMN42720949	SRS22066586	PRJNA1138464	SRP521244	SRX25404049	Vigna angularis	WGS	PAIRED	GENOMIC	size fractionation	ILLUMINA	Illumina HiSeq X	30482224	9144667200	2434309140;2888348289	21403e75595040a395314fac71893a4d;e4c2375c8af33a0df0f1b7f351d85478	ftp.sra.ebi.ac.uk/vol1/fastq/SRR299/099/SRR29909099/SRR29909099_1.fastq.gz;ftp.sra.ebi.ac.uk/vol1/fastq/SRR299/099/SRR29909099/SRR29909099_2.fastq.gz	false	false	EXCLUDED	outside frozen51 cohort
SRR29909100	SAMN42721407	SRS22066585	PRJNA1138464	SRP521244	SRX25404048	Vigna angularis	WGS	PAIRED	GENOMIC	size fractionation	ILLUMINA	Illumina HiSeq X	28127552	8438265600	2247609819;2724713907	4c9401c6031a6c1aacaf1a46d1f74984;84c385fbb7414ab101b72a2e22eac817	ftp.sra.ebi.ac.uk/vol1/fastq/SRR299/000/SRR29909100/SRR29909100_1.fastq.gz;ftp.sra.ebi.ac.uk/vol1/fastq/SRR299/000/SRR29909100/SRR29909100_2.fastq.gz	false	false	EXCLUDED	outside frozen51 cohort
SRR29909101	SAMN42721406	SRS22066584	PRJNA1138464	SRP521244	SRX25404047	Vigna angularis	RAD-Seq	SINGLE	GENOMIC	Restriction Digest	ILLUMINA	Illumina HiSeq 2500	2578259	213995497	99220902	b66899abe625cc58a624386455f82232	ftp.sra.ebi.ac.uk/vol1/fastq/SRR299/001/SRR29909101/SRR29909101.fastq.gz	false	false	EXCLUDED	not WGS paired-end
SRR29909102	SAMN42721405	SRS22066583	PRJNA1138464	SRP521244	SRX25404046	Vigna angularis	WGS	PAIRED	GENOMIC	size fractionation	ILLUMINA	Illumina HiSeq X	25035746	7510723800	2031062929;2382605225	625bb2e66b39139d261e3688b5c31667;1205e34d794f18cfcd430a571b8376ea	ftp.sra.ebi.ac.uk/vol1/fastq/SRR299/002/SRR29909102/SRR29909102_1.fastq.gz;ftp.sra.ebi.ac.uk/vol1/fastq/SRR299/002/SRR29909102/SRR29909102_2.fastq.gz	false	false	EXCLUDED	outside frozen51 cohort
SRR29909103	SAMN42721404	SRS22066582	PRJNA1138464	SRP521244	SRX25404045	Vigna angularis	WGS	PAIRED	GENOMIC	size fractionation	ILLUMINA	Illumina HiSeq X	25016118	7504835400	2027208153;2395898764	85865548ab03e4dfe2a0aebe449b8cd0;f0a161d76fc67fc11e51d03ab237cf67	ftp.sra.ebi.ac.uk/vol1/fastq/SRR299/003/SRR29909103/SRR29909103_1.fastq.gz;ftp.sra.ebi.ac.uk/vol1/fastq/SRR299/003/SRR29909103/SRR29909103_2.fastq.gz	false	false	EXCLUDED	outside frozen51 cohort
SRR29909104	SAMN42721403	SRS22066581	PRJNA1138464	SRP521244	SRX25404044	Vigna angularis	RAD-Seq	SINGLE	GENOMIC	Restriction Digest	ILLUMINA	Illumina HiSeq 2500	2659537	220741571	105473131	08a5dbb50f733a475019775511dec002	ftp.sra.ebi.ac.uk/vol1/fastq/SRR299/004/SRR29909104/SRR29909104.fastq.gz	false	false	EXCLUDED	not WGS paired-end
SRR29909105	SAMN42721402	SRS22066580	PRJNA1138464	SRP521244	SRX25404043	Vigna angularis	RAD-Seq	SINGLE	GENOMIC	Restriction Digest	ILLUMINA	Illumina HiSeq 2500	2773884	230232372	108642411	1f25f2859ccf2649e6eb50d5c50101b5	ftp.sra.ebi.ac.uk/vol1/fastq/SRR299/005/SRR29909105/SRR29909105.fastq.gz	false	false	EXCLUDED	not WGS paired-end
SRR29909106	SAMN42721401	SRS22066579	PRJNA1138464	SRP521244	SRX25404042	Vigna angularis	WGS	PAIRED	GENOMIC	size fractionation	ILLUMINA	Illumina HiSeq X	29113969	8734190700	2313694233;2667022855	cec45e830f40ff8ebcbe72e6204b415d;afe0a1167578c6e227ac99efa9ba0120	ftp.sra.ebi.ac.uk/vol1/fastq/SRR299/006/SRR29909106/SRR29909106_1.fastq.gz;ftp.sra.ebi.ac.uk/vol1/fastq/SRR299/006/SRR29909106/SRR29909106_2.fastq.gz	false	false	EXCLUDED	outside frozen51 cohort
SRR29909107	SAMN42721400	SRS22066577	PRJNA1138464	SRP521244	SRX25404041	Vigna angularis	RAD-Seq	SINGLE	GENOMIC	Restriction Digest	ILLUMINA	Illumina HiSeq 2500	2599618	215768294	104433723	79ff749d2989e76ba1cb5888f6cfa739	ftp.sra.ebi.ac.uk/vol1/fastq/SRR299/007/SRR29909107/SRR29909107.fastq.gz	false	false	EXCLUDED	not WGS paired-end
SRR29909108	SAMN42721399	SRS22066578	PRJNA1138464	SRP521244	SRX25404040	Vigna angularis	RAD-Seq	SINGLE	GENOMIC	Restriction Digest	ILLUMINA	Illumina HiSeq 2500	2323765	192872495	90267820	663e4992905ba442469baed3a4494277	ftp.sra.ebi.ac.uk/vol1/fastq/SRR299/008/SRR29909108/SRR29909108.fastq.gz	false	false	EXCLUDED	not WGS paired-end
SRR29909109	SAMN42721341	SRS22066575	PRJNA1138464	SRP521244	SRX25404039	Vigna angularis	RAD-Seq	SINGLE	GENOMIC	Restriction Digest	ILLUMINA	Illumina HiSeq 2500	2646312	219643896	104894905	e4b640fe72d8d6c3030a65bfa981bfcd	ftp.sra.ebi.ac.uk/vol1/fastq/SRR299/009/SRR29909109/SRR29909109.fastq.gz	false	false	EXCLUDED	not WGS paired-end
SRR29909110	SAMN42721340	SRS22066576	PRJNA1138464	SRP521244	SRX25404038	Vigna angularis	RAD-Seq	SINGLE	GENOMIC	Restriction Digest	ILLUMINA	Illumina HiSeq 2500	2558997	212396751	99808034	5cf36aa5f43bc121765ef19cf4392c23	ftp.sra.ebi.ac.uk/vol1/fastq/SRR299/010/SRR29909110/SRR29909110.fastq.gz	false	false	EXCLUDED	not WGS paired-end
SRR29909111	SAMN42721339	SRS22066574	PRJNA1138464	SRP521244	SRX25404037	Vigna angularis	RAD-Seq	SINGLE	GENOMIC	Restriction Digest	ILLUMINA	Illumina HiSeq 2500	2749592	228216136	109717981	96680b8857b72e292569ceee3700523a	ftp.sra.ebi.ac.uk/vol1/fastq/SRR299/011/SRR29909111/SRR29909111.fastq.gz	false	false	EXCLUDED	not WGS paired-end
SRR29909112	SAMN42721338	SRS22066573	PRJNA1138464	SRP521244	SRX25404036	Vigna angularis	WGS	PAIRED	GENOMIC	size fractionation	ILLUMINA	Illumina HiSeq X	26350142	7905042600	2160049196;2574901503	7ee40c325a416fbb27f73c6c661bc991;6d7609eb4058fe49f3b181d7890db6ad	ftp.sra.ebi.ac.uk/vol1/fastq/SRR299/012/SRR29909112/SRR29909112_1.fastq.gz;ftp.sra.ebi.ac.uk/vol1/fastq/SRR299/012/SRR29909112/SRR29909112_2.fastq.gz	false	false	EXCLUDED	outside frozen51 cohort
SRR29909113	SAMN42720942	SRS22066572	PRJNA1138464	SRP521244	SRX25404035	Vigna angularis	WGS	PAIRED	GENOMIC	size fractionation	ILLUMINA	Illumina HiSeq X	32058578	9617573400	2590728369;2981758919	51336262f18fbc49bffca085f2e391ab;f1b04494aaaf07ab470d435279239780	ftp.sra.ebi.ac.uk/vol1/fastq/SRR299/013/SRR29909113/SRR29909113_1.fastq.gz;ftp.sra.ebi.ac.uk/vol1/fastq/SRR299/013/SRR29909113/SRR29909113_2.fastq.gz	false	false	EXCLUDED	outside frozen51 cohort
SRR29909114	SAMN42721337	SRS22066571	PRJNA1138464	SRP521244	SRX25404034	Vigna angularis	RAD-Seq	SINGLE	GENOMIC	Restriction Digest	ILLUMINA	Illumina HiSeq 2500	2477315	205617145	96034861	20a1a06838402b829392affd435cdc01	ftp.sra.ebi.ac.uk/vol1/fastq/SRR299/014/SRR29909114/SRR29909114.fastq.gz	false	false	EXCLUDED	not WGS paired-end
SRR29909115	SAMN42721336	SRS22066570	PRJNA1138464	SRP521244	SRX25404033	Vigna angularis	RAD-Seq	SINGLE	GENOMIC	Restriction Digest	ILLUMINA	Illumina HiSeq 2500	2345100	194643300	92029815	6f05d7af1a3306fa3e3b9071a65125aa	ftp.sra.ebi.ac.uk/vol1/fastq/SRR299/015/SRR29909115/SRR29909115.fastq.gz	false	false	EXCLUDED	not WGS paired-end
SRR29909116	SAMN42721335	SRS22066569	PRJNA1138464	SRP521244	SRX25404032	Vigna angularis	RAD-Seq	SINGLE	GENOMIC	Restriction Digest	ILLUMINA	Illumina HiSeq 2500	2505763	207978329	97693338	1a08348c482311ad3e2886c3d04b3f84	ftp.sra.ebi.ac.uk/vol1/fastq/SRR299/016/SRR29909116/SRR29909116.fastq.gz	false	false	EXCLUDED	not WGS paired-end
SRR29909117	SAMN42721334	SRS22066568	PRJNA1138464	SRP521244	SRX25404031	Vigna angularis	RAD-Seq	SINGLE	GENOMIC	Restriction Digest	ILLUMINA	Illumina HiSeq 2500	2085309	173080647	81664610	995c22af902f8ac4fae79aed5604f608	ftp.sra.ebi.ac.uk/vol1/fastq/SRR299/017/SRR29909117/SRR29909117.fastq.gz	false	false	EXCLUDED	not WGS paired-end
SRR29909118	SAMN42721333	SRS22066567	PRJNA1138464	SRP521244	SRX25404030	Vigna angularis	WGS	PAIRED	GENOMIC	size fractionation	ILLUMINA	Illumina HiSeq X	27922381	8376714300	2326382101;2540524449	e09cae527615d99aa43239b739f61bf7;b77bfe605becafba5642b6dcb07ec58d	ftp.sra.ebi.ac.uk/vol1/fastq/SRR299/018/SRR29909118/SRR29909118_1.fastq.gz;ftp.sra.ebi.ac.uk/vol1/fastq/SRR299/018/SRR29909118/SRR29909118_2.fastq.gz	false	false	EXCLUDED	outside frozen51 cohort
SRR29909119	SAMN42721332	SRS22066566	PRJNA1138464	SRP521244	SRX25404029	Vigna angularis	RAD-Seq	SINGLE	GENOMIC	Restriction Digest	ILLUMINA	Illumina HiSeq 2500	2337450	194008350	91059247	120f6c71db41dc140437dd82ab3dd8ef	ftp.sra.ebi.ac.uk/vol1/fastq/SRR299/019/SRR29909119/SRR29909119.fastq.gz	false	false	EXCLUDED	not WGS paired-end
SRR29909120	SAMN42721331	SRS22066565	PRJNA1138464	SRP521244	SRX25404028	Vigna angularis	RAD-Seq	SINGLE	GENOMIC	Restriction Digest	ILLUMINA	Illumina HiSeq 2500	2410740	200091420	92814665	1c4a06b64ba832d0cd76520a6c6a60f9	ftp.sra.ebi.ac.uk/vol1/fastq/SRR299/020/SRR29909120/SRR29909120.fastq.gz	false	false	EXCLUDED	not WGS paired-end
SRR29909121	SAMN42721330	SRS22066564	PRJNA1138464	SRP521244	SRX25404027	Vigna angularis	RAD-Seq	SINGLE	GENOMIC	Restriction Digest	ILLUMINA	Illumina HiSeq 2500	2583820	214457060	99566522	26911ff1223b5727364a96f9f8a5de67	ftp.sra.ebi.ac.uk/vol1/fastq/SRR299/021/SRR29909121/SRR29909121.fastq.gz	false	false	EXCLUDED	not WGS paired-end
SRR29909122	SAMN42721329	SRS22066563	PRJNA1138464	SRP521244	SRX25404026	Vigna angularis	RAD-Seq	SINGLE	GENOMIC	Restriction Digest	ILLUMINA	Illumina HiSeq 2500	2424188	201207604	93894789	0d48460f69bbb114d9a4dfef19f6e4b3	ftp.sra.ebi.ac.uk/vol1/fastq/SRR299/022/SRR29909122/SRR29909122.fastq.gz	false	false	EXCLUDED	not WGS paired-end
SRR29909123	SAMN42721328	SRS22066561	PRJNA1138464	SRP521244	SRX25404025	Vigna angularis	WGS	PAIRED	GENOMIC	size fractionation	ILLUMINA	Illumina HiSeq X	30159850	9047955000	2453999578;2731293801	4907aee9a941b94c79c6b851899c3e07;ed30625804f8941d7e19cb1d0d151c6b	ftp.sra.ebi.ac.uk/vol1/fastq/SRR299/023/SRR29909123/SRR29909123_1.fastq.gz;ftp.sra.ebi.ac.uk/vol1/fastq/SRR299/023/SRR29909123/SRR29909123_2.fastq.gz	false	false	EXCLUDED	outside frozen51 cohort
SRR29909124	SAMN42720941	SRS22066562	PRJNA1138464	SRP521244	SRX25404024	Vigna angularis	WGS	PAIRED	GENOMIC	size fractionation	ILLUMINA	Illumina HiSeq X	17841185	5352355500	1437132852;1562234709	e24a46db2eb7e52e9104b8973288592e;5eb3a47dcf477757e52d3bbaa5030ae7	ftp.sra.ebi.ac.uk/vol1/fastq/SRR299/024/SRR29909124/SRR29909124_1.fastq.gz;ftp.sra.ebi.ac.uk/vol1/fastq/SRR299/024/SRR29909124/SRR29909124_2.fastq.gz	true	true	SELECTED	existing20 public cohort
SRR29909125	SAMN42721572	SRS22066908	PRJNA1138464	SRP521244	SRX25404371	Vigna nepalensis	WGS	PAIRED	GENOMIC	size fractionation	ILLUMINA	Illumina HiSeq X	36562972	10968891600	2651738511;2751861081	97d5bfdb0834da2c5984164b18173995;440e2e7a78dc30a270769209bbc410c2	ftp.sra.ebi.ac.uk/vol1/fastq/SRR299/025/SRR29909125/SRR29909125_1.fastq.gz;ftp.sra.ebi.ac.uk/vol1/fastq/SRR299/025/SRR29909125/SRR29909125_2.fastq.gz	false	false	EXCLUDED	outside frozen51 cohort
SRR29909126	SAMN42721571	SRS22066907	PRJNA1138464	SRP521244	SRX25404370	Vigna angularis	WGS	PAIRED	GENOMIC	size fractionation	ILLUMINA	Illumina HiSeq X	34465054	10339516200	2516495125;2633664570	743e617913b1d82a5b28758280528c60;120cf7cac291f68054d9bed31ed80a19	ftp.sra.ebi.ac.uk/vol1/fastq/SRR299/026/SRR29909126/SRR29909126_1.fastq.gz;ftp.sra.ebi.ac.uk/vol1/fastq/SRR299/026/SRR29909126/SRR29909126_2.fastq.gz	false	false	EXCLUDED	outside frozen51 cohort
SRR29909127	SAMN42721570	SRS22066906	PRJNA1138464	SRP521244	SRX25404369	Vigna angularis	WGS	PAIRED	GENOMIC	size fractionation	ILLUMINA	Illumina HiSeq X	33117427	9935228100	2425430742;2538398648	9b40116e24a5a26658ac069d7bb221f5;45c306e703b2b60de9f847d72e416d1a	ftp.sra.ebi.ac.uk/vol1/fastq/SRR299/027/SRR29909127/SRR29909127_1.fastq.gz;ftp.sra.ebi.ac.uk/vol1/fastq/SRR299/027/SRR29909127/SRR29909127_2.fastq.gz	false	false	EXCLUDED	outside frozen51 cohort
SRR29909128	SAMN42721569	SRS22066905	PRJNA1138464	SRP521244	SRX25404368	Vigna angularis	WGS	PAIRED	GENOMIC	size fractionation	ILLUMINA	Illumina HiSeq X	36617135	10985140500	2670208543;2793800803	7764790fa3167cffc2ba7016b81b5cc4;401af3193d58f89eb851ed60278f3a4a	ftp.sra.ebi.ac.uk/vol1/fastq/SRR299/028/SRR29909128/SRR29909128_1.fastq.gz;ftp.sra.ebi.ac.uk/vol1/fastq/SRR299/028/SRR29909128/SRR29909128_2.fastq.gz	false	false	EXCLUDED	outside frozen51 cohort
SRR29909129	SAMN42721568	SRS22066904	PRJNA1138464	SRP521244	SRX25404367	Vigna angularis	WGS	PAIRED	GENOMIC	size fractionation	ILLUMINA	Illumina HiSeq X	26879531	8063859300	1957834650;2050535710	6909973ac5afd19e010005f9d028b06a;1f1102cdeaf85fc7fed2db47fe3b4998	ftp.sra.ebi.ac.uk/vol1/fastq/SRR299/029/SRR29909129/SRR29909129_1.fastq.gz;ftp.sra.ebi.ac.uk/vol1/fastq/SRR299/029/SRR29909129/SRR29909129_2.fastq.gz	false	false	EXCLUDED	outside frozen51 cohort
SRR29909130	SAMN42720965	SRS22066903	PRJNA1138464	SRP521244	SRX25404366	Vigna angularis	RAD-Seq	SINGLE	GENOMIC	Restriction Digest	ILLUMINA	Illumina HiSeq 2500	2708822	224832226	104197772	43f89de9baecfd5ef833a28c45c5f5c3	ftp.sra.ebi.ac.uk/vol1/fastq/SRR299/030/SRR29909130/SRR29909130.fastq.gz	false	false	EXCLUDED	not WGS paired-end
SRR29909131	SAMN42721567	SRS22066902	PRJNA1138464	SRP521244	SRX25404365	Vigna angularis	WGS	PAIRED	GENOMIC	size fractionation	ILLUMINA	Illumina HiSeq X	32712110	9813633000	2386888207;2493252984	f1741c8643a4900969919e091176615f;fa30de8e03115eadfdff7bab28e7fcfc	ftp.sra.ebi.ac.uk/vol1/fastq/SRR299/031/SRR29909131/SRR29909131_1.fastq.gz;ftp.sra.ebi.ac.uk/vol1/fastq/SRR299/031/SRR29909131/SRR29909131_2.fastq.gz	false	false	EXCLUDED	outside frozen51 cohort
SRR29909132	SAMN42721566	SRS22066901	PRJNA1138464	SRP521244	SRX25404364	Vigna angularis	WGS	PAIRED	GENOMIC	size fractionation	ILLUMINA	Illumina HiSeq X	25909608	7772882400	1889929936;1986262254	83aee587e83caffba076b713088a07f7;09e9ae29953dab2efe7e865ac5ba260e	ftp.sra.ebi.ac.uk/vol1/fastq/SRR299/032/SRR29909132/SRR29909132_1.fastq.gz;ftp.sra.ebi.ac.uk/vol1/fastq/SRR299/032/SRR29909132/SRR29909132_2.fastq.gz	false	false	EXCLUDED	outside frozen51 cohort
SRR29909133	SAMN42721565	SRS22066900	PRJNA1138464	SRP521244	SRX25404363	Vigna angularis	WGS	PAIRED	GENOMIC	size fractionation	ILLUMINA	Illumina HiSeq X	37789147	11336744100	2750626169;2882968240	30feb2c4718dabc21d32c7e4af849ae9;5434312777f680afcc7425d0c4b862aa	ftp.sra.ebi.ac.uk/vol1/fastq/SRR299/033/SRR29909133/SRR29909133_1.fastq.gz;ftp.sra.ebi.ac.uk/vol1/fastq/SRR299/033/SRR29909133/SRR29909133_2.fastq.gz	false	false	EXCLUDED	outside frozen51 cohort
SRR29909134	SAMN42721564	SRS22066899	PRJNA1138464	SRP521244	SRX25404362	Vigna angularis	WGS	PAIRED	GENOMIC	size fractionation	ILLUMINA	Illumina HiSeq X	26697995	8009398500	1948050075;2038847250	e11669690160239dbdd2d666cea4cd29;a25de4f54787beb9fe33f0f13025d154	ftp.sra.ebi.ac.uk/vol1/fastq/SRR299/034/SRR29909134/SRR29909134_1.fastq.gz;ftp.sra.ebi.ac.uk/vol1/fastq/SRR299/034/SRR29909134/SRR29909134_2.fastq.gz	false	false	EXCLUDED	outside frozen51 cohort
SRR29909135	SAMN42721563	SRS22066898	PRJNA1138464	SRP521244	SRX25404361	Vigna angularis	WGS	PAIRED	GENOMIC	size fractionation	ILLUMINA	Illumina HiSeq X	28798878	8639663400	2114914426;2234957295	20651b6300d460e98990c87c001f7b97;3e16fca0452f462cf3f0647fbc06b470	ftp.sra.ebi.ac.uk/vol1/fastq/SRR299/035/SRR29909135/SRR29909135_1.fastq.gz;ftp.sra.ebi.ac.uk/vol1/fastq/SRR299/035/SRR29909135/SRR29909135_2.fastq.gz	true	true	SELECTED	existing20 public cohort
SRR29909136	SAMN42721562	SRS22066897	PRJNA1138464	SRP521244	SRX25404360	Vigna angularis	WGS	PAIRED	GENOMIC	size fractionation	ILLUMINA	Illumina HiSeq X	30752634	9225790200	2249347207;2351615703	bfb3425996e691922e370118c2685a3e;dc540a1fc0a69fe1668ecbaf25e76249	ftp.sra.ebi.ac.uk/vol1/fastq/SRR299/036/SRR29909136/SRR29909136_1.fastq.gz;ftp.sra.ebi.ac.uk/vol1/fastq/SRR299/036/SRR29909136/SRR29909136_2.fastq.gz	false	false	EXCLUDED	outside frozen51 cohort
SRR29909137	SAMN42721327	SRS22067242	PRJNA1138464	SRP521244	SRX25404707	Vigna angularis	RAD-Seq	SINGLE	GENOMIC	Restriction Digest	ILLUMINA	Illumina HiSeq 2500	2461968	204343344	96495748	70b5f0693ee7818379d23dbea787952f	ftp.sra.ebi.ac.uk/vol1/fastq/SRR299/037/SRR29909137/SRR29909137.fastq.gz	false	false	EXCLUDED	not WGS paired-end
SRR29909138	SAMN42721326	SRS22067243	PRJNA1138464	SRP521244	SRX25404706	Vigna angularis	RAD-Seq	SINGLE	GENOMIC	Restriction Digest	ILLUMINA	Illumina HiSeq 2500	2457853	204001799	95999604	9d040ff4855e5fedb528166b406574ec	ftp.sra.ebi.ac.uk/vol1/fastq/SRR299/038/SRR29909138/SRR29909138.fastq.gz	false	false	EXCLUDED	not WGS paired-end
SRR29909139	SAMN42721325	SRS22067241	PRJNA1138464	SRP521244	SRX25404705	Vigna angularis	WGS	PAIRED	GENOMIC	size fractionation	ILLUMINA	Illumina HiSeq X	27504203	8251260900	2222018826;2519615840	aa360a95832be5ae0a493db486fec20f;09ad4b4869383718cf2e977407ee2ef3	ftp.sra.ebi.ac.uk/vol1/fastq/SRR299/039/SRR29909139/SRR29909139_1.fastq.gz;ftp.sra.ebi.ac.uk/vol1/fastq/SRR299/039/SRR29909139/SRR29909139_2.fastq.gz	false	false	EXCLUDED	outside frozen51 cohort
SRR29909140	SAMN42721324	SRS22067239	PRJNA1138464	SRP521244	SRX25404704	Vigna angularis	RAD-Seq	SINGLE	GENOMIC	Restriction Digest	ILLUMINA	Illumina HiSeq 2500	2473152	205271616	95884211	150cf04d96e6ce3a92619ea34d530125	ftp.sra.ebi.ac.uk/vol1/fastq/SRR299/040/SRR29909140/SRR29909140.fastq.gz	false	false	EXCLUDED	not WGS paired-end
SRR29909141	SAMN42721323	SRS22067240	PRJNA1138464	SRP521244	SRX25404703	Vigna angularis	WGS	PAIRED	GENOMIC	size fractionation	ILLUMINA	Illumina HiSeq X	29408532	8822559600	2385992165;2839450321	19d9d1f8412bbd387495ebcff6c56cc8;bd5a68f23bc60824438d56280cf1aed6	ftp.sra.ebi.ac.uk/vol1/fastq/SRR299/041/SRR29909141/SRR29909141_1.fastq.gz;ftp.sra.ebi.ac.uk/vol1/fastq/SRR299/041/SRR29909141/SRR29909141_2.fastq.gz	false	false	EXCLUDED	outside frozen51 cohort
SRR29909142	SAMN42721322	SRS22067238	PRJNA1138464	SRP521244	SRX25404702	Vigna angularis	RAD-Seq	SINGLE	GENOMIC	Restriction Digest	ILLUMINA	Illumina HiSeq 2500	2306067	191403561	91014916	a266b163a1ecb72bcf0b4ee7780ad984	ftp.sra.ebi.ac.uk/vol1/fastq/SRR299/042/SRR29909142/SRR29909142.fastq.gz	false	false	EXCLUDED	not WGS paired-end
SRR29909143	SAMN42721321	SRS22067237	PRJNA1138464	SRP521244	SRX25404701	Vigna angularis	RAD-Seq	SINGLE	GENOMIC	Restriction Digest	ILLUMINA	Illumina HiSeq 2500	2474144	205353952	97236102	9dd5a0ac7542972bed251b2e35791da5	ftp.sra.ebi.ac.uk/vol1/fastq/SRR299/043/SRR29909143/SRR29909143.fastq.gz	false	false	EXCLUDED	not WGS paired-end
SRR29909144	SAMN42721320	SRS22067236	PRJNA1138464	SRP521244	SRX25404700	Vigna angularis	RAD-Seq	SINGLE	GENOMIC	Restriction Digest	ILLUMINA	Illumina HiSeq 2500	2378283	197397489	92692560	caaa1359e583c1feafc66da14f3bbc48	ftp.sra.ebi.ac.uk/vol1/fastq/SRR299/044/SRR29909144/SRR29909144.fastq.gz	false	false	EXCLUDED	not WGS paired-end
SRR29909145	SAMN42721319	SRS22067235	PRJNA1138464	SRP521244	SRX25404699	Vigna angularis	RAD-Seq	SINGLE	GENOMIC	Restriction Digest	ILLUMINA	Illumina HiSeq 2500	2528067	209829561	99443934	09ee7f34d501488fa80c3b074d9572d2	ftp.sra.ebi.ac.uk/vol1/fastq/SRR299/045/SRR29909145/SRR29909145.fastq.gz	false	false	EXCLUDED	not WGS paired-end
SRR29909146	SAMN42721318	SRS22067233	PRJNA1138464	SRP521244	SRX25404698	Vigna angularis	WGS	PAIRED	GENOMIC	size fractionation	ILLUMINA	Illumina HiSeq X	27770275	8331082500	2258337195;2687539034	61b5a2ebf414bc24e8d28a7f7e3f1ab7;7171d0a80b0ce3b7d3ea28cee00be646	ftp.sra.ebi.ac.uk/vol1/fastq/SRR299/046/SRR29909146/SRR29909146_1.fastq.gz;ftp.sra.ebi.ac.uk/vol1/fastq/SRR299/046/SRR29909146/SRR29909146_2.fastq.gz	false	false	EXCLUDED	outside frozen51 cohort
SRR29909147	SAMN42720940	SRS22067234	PRJNA1138464	SRP521244	SRX25404697	Vigna angularis	WGS	PAIRED	GENOMIC	size fractionation	ILLUMINA	Illumina HiSeq X	26921436	8076430800	2153326421;2405567388	fa54f1ad9b16b6caa780d5f54ed18035;6b768405dc65d3fb95c9bed7f770bc05	ftp.sra.ebi.ac.uk/vol1/fastq/SRR299/047/SRR29909147/SRR29909147_1.fastq.gz;ftp.sra.ebi.ac.uk/vol1/fastq/SRR299/047/SRR29909147/SRR29909147_2.fastq.gz	false	false	EXCLUDED	outside frozen51 cohort
SRR29909148	SAMN42721317	SRS22067232	PRJNA1138464	SRP521244	SRX25404696	Vigna angularis	RAD-Seq	SINGLE	GENOMIC	Restriction Digest	ILLUMINA	Illumina HiSeq 2500	2479171	205771193	94994387	ecd26f10f01ca83d937055050beea0a9	ftp.sra.ebi.ac.uk/vol1/fastq/SRR299/048/SRR29909148/SRR29909148.fastq.gz	false	false	EXCLUDED	not WGS paired-end
SRR29909149	SAMN42721316	SRS22067231	PRJNA1138464	SRP521244	SRX25404695	Vigna angularis	WGS	PAIRED	GENOMIC	size fractionation	ILLUMINA	Illumina HiSeq X	31215191	9364557300	2525792114;2961945375	a6a627b965cbcb1f07de5d8a22622f81;8d158efc561c488c3221bbe6f296d529	ftp.sra.ebi.ac.uk/vol1/fastq/SRR299/049/SRR29909149/SRR29909149_1.fastq.gz;ftp.sra.ebi.ac.uk/vol1/fastq/SRR299/049/SRR29909149/SRR29909149_2.fastq.gz	false	false	EXCLUDED	outside frozen51 cohort
SRR29909150	SAMN42721315	SRS22067230	PRJNA1138464	SRP521244	SRX25404694	Vigna angularis	WGS	PAIRED	GENOMIC	size fractionation	ILLUMINA	Illumina HiSeq X	29434785	8830435500	2391645652;2851908972	0352d8e5ec1cf74f6cb7b4fe56668b33;da45aece88d47529ded17a5f7e57a189	ftp.sra.ebi.ac.uk/vol1/fastq/SRR299/050/SRR29909150/SRR29909150_1.fastq.gz;ftp.sra.ebi.ac.uk/vol1/fastq/SRR299/050/SRR29909150/SRR29909150_2.fastq.gz	false	false	EXCLUDED	outside frozen51 cohort
SRR29909151	SAMN42721314	SRS22067228	PRJNA1138464	SRP521244	SRX25404693	Vigna angularis	WGS	PAIRED	GENOMIC	size fractionation	ILLUMINA	Illumina HiSeq X	36162302	10848690600	2909702723;3234996905	28c1986cc1ea89fd5d96c4ceb14656c4;9652e8b0a851aea373a502e52189f988	ftp.sra.ebi.ac.uk/vol1/fastq/SRR299/051/SRR29909151/SRR29909151_1.fastq.gz;ftp.sra.ebi.ac.uk/vol1/fastq/SRR299/051/SRR29909151/SRR29909151_2.fastq.gz	false	false	EXCLUDED	outside frozen51 cohort
SRR29909152	SAMN42721313	SRS22067229	PRJNA1138464	SRP521244	SRX25404692	Vigna angularis	WGS	PAIRED	GENOMIC	size fractionation	ILLUMINA	Illumina HiSeq X	21117776	6335332800	1909514773;1971517897	98b9c58e075ed0caaf16eee551eba14e;03a89e4c5114c7fedf688e5ae04a3a6f	ftp.sra.ebi.ac.uk/vol1/fastq/SRR299/052/SRR29909152/SRR29909152_1.fastq.gz;ftp.sra.ebi.ac.uk/vol1/fastq/SRR299/052/SRR29909152/SRR29909152_2.fastq.gz	false	false	EXCLUDED	outside frozen51 cohort
SRR29909153	SAMN42721255	SRS22067227	PRJNA1138464	SRP521244	SRX25404691	Vigna angularis	RAD-Seq	SINGLE	GENOMIC	Restriction Digest	ILLUMINA	Illumina HiSeq 2500	2501781	207647823	97285691	792ed6733ad2b3d772c7dffa3be27651	ftp.sra.ebi.ac.uk/vol1/fastq/SRR299/053/SRR29909153/SRR29909153.fastq.gz	false	false	EXCLUDED	not WGS paired-end
SRR29909154	SAMN42721254	SRS22067226	PRJNA1138464	SRP521244	SRX25404690	Vigna angularis	WGS	PAIRED	GENOMIC	size fractionation	ILLUMINA	Illumina HiSeq X	25308796	7592638800	2027568705;2109222458	a15ef245066f84bedabe62c11f8701cf;1a268e0f8fd7395a71c2f18f4d7d253b	ftp.sra.ebi.ac.uk/vol1/fastq/SRR299/054/SRR29909154/SRR29909154_1.fastq.gz;ftp.sra.ebi.ac.uk/vol1/fastq/SRR299/054/SRR29909154/SRR29909154_2.fastq.gz	false	false	EXCLUDED	outside frozen51 cohort
SRR29909155	SAMN42721253	SRS22067225	PRJNA1138464	SRP521244	SRX25404689	Vigna angularis	RAD-Seq	SINGLE	GENOMIC	Restriction Digest	ILLUMINA	Illumina HiSeq 2500	2437548	202316484	93260601	5ded2ef2c9374d6a524b28a3773156df	ftp.sra.ebi.ac.uk/vol1/fastq/SRR299/055/SRR29909155/SRR29909155.fastq.gz	false	false	EXCLUDED	not WGS paired-end
SRR29909156	SAMN42721252	SRS22067223	PRJNA1138464	SRP521244	SRX25404688	Vigna angularis	WGS	PAIRED	GENOMIC	size fractionation	ILLUMINA	Illumina HiSeq X	26090686	7827205800	2103718883;2637322988	726f02757538a76a19ef923a52ca8a18;baec803d32efa0b022926af402a68067	ftp.sra.ebi.ac.uk/vol1/fastq/SRR299/056/SRR29909156/SRR29909156_1.fastq.gz;ftp.sra.ebi.ac.uk/vol1/fastq/SRR299/056/SRR29909156/SRR29909156_2.fastq.gz	false	false	EXCLUDED	outside frozen51 cohort
SRR29909157	SAMN42721251	SRS22067222	PRJNA1138464	SRP521244	SRX25404687	Vigna angularis	RAD-Seq	SINGLE	GENOMIC	Restriction Digest	ILLUMINA	Illumina HiSeq 2500	2607929	216458107	102918303	90620c53aaec107aa6019ca98e003c02	ftp.sra.ebi.ac.uk/vol1/fastq/SRR299/057/SRR29909157/SRR29909157.fastq.gz	false	false	EXCLUDED	not WGS paired-end
SRR29909158	SAMN42721250	SRS22067221	PRJNA1138464	SRP521244	SRX25404686	Vigna angularis	RAD-Seq	SINGLE	GENOMIC	Restriction Digest	ILLUMINA	Illumina HiSeq 2500	2495349	207113967	97683078	24f77fcdc5571bc49459013c44bd350e	ftp.sra.ebi.ac.uk/vol1/fastq/SRR299/058/SRR29909158/SRR29909158.fastq.gz	false	false	EXCLUDED	not WGS paired-end
SRR29909159	SAMN42721249	SRS22067245	PRJNA1138464	SRP521244	SRX25404685	Vigna angularis	RAD-Seq	SINGLE	GENOMIC	Restriction Digest	ILLUMINA	Illumina HiSeq 2500	2131059	176877897	82422550	5b0f627b4ca1be4f8a729c396bb7788b	ftp.sra.ebi.ac.uk/vol1/fastq/SRR299/059/SRR29909159/SRR29909159.fastq.gz	false	false	EXCLUDED	not WGS paired-end
SRR29909160	SAMN42721248	SRS22067224	PRJNA1138464	SRP521244	SRX25404684	Vigna angularis	RAD-Seq	SINGLE	GENOMIC	Restriction Digest	ILLUMINA	Illumina HiSeq 2500	2505190	207930770	96651448	03acd846868efa9a9fac0954fe5fdea0	ftp.sra.ebi.ac.uk/vol1/fastq/SRR299/060/SRR29909160/SRR29909160.fastq.gz	false	false	EXCLUDED	not WGS paired-end
SRR29909161	SAMN42720933	SRS22067220	PRJNA1138464	SRP521244	SRX25404683	Vigna angularis	WGS	PAIRED	GENOMIC	size fractionation	ILLUMINA	Illumina HiSeq X	28157312	8447193600	2267211450;2623724726	085fd748a548268387340c59665f675d;490527181a3bda253b021fb22b72ba9e	ftp.sra.ebi.ac.uk/vol1/fastq/SRR299/061/SRR29909161/SRR29909161_1.fastq.gz;ftp.sra.ebi.ac.uk/vol1/fastq/SRR299/061/SRR29909161/SRR29909161_2.fastq.gz	false	false	EXCLUDED	outside frozen51 cohort
SRR29909162	SAMN42721247	SRS22067217	PRJNA1138464	SRP521244	SRX25404682	Vigna angularis	RAD-Seq	SINGLE	GENOMIC	Restriction Digest	ILLUMINA	Illumina HiSeq 2500	2511846	208483218	96396934	ca5b5b80b011ba3fa42e340cb378f5cb	ftp.sra.ebi.ac.uk/vol1/fastq/SRR299/062/SRR29909162/SRR29909162.fastq.gz	false	false	EXCLUDED	not WGS paired-end
SRR29909163	SAMN42721246	SRS22067216	PRJNA1138464	SRP521244	SRX25404681	Vigna angularis	RAD-Seq	SINGLE	GENOMIC	Restriction Digest	ILLUMINA	Illumina HiSeq 2500	2461681	204319523	93696184	1ed865aa0fb7680cb75134b0ada84b7e	ftp.sra.ebi.ac.uk/vol1/fastq/SRR299/063/SRR29909163/SRR29909163.fastq.gz	false	false	EXCLUDED	not WGS paired-end
SRR29909164	SAMN42721245	SRS22067218	PRJNA1138464	SRP521244	SRX25404680	Vigna angularis	RAD-Seq	SINGLE	GENOMIC	Restriction Digest	ILLUMINA	Illumina HiSeq 2500	2502166	207679778	100243326	15d143390692599bd25090999c144360	ftp.sra.ebi.ac.uk/vol1/fastq/SRR299/064/SRR29909164/SRR29909164.fastq.gz	false	false	EXCLUDED	not WGS paired-end
SRR29909165	SAMN42721244	SRS22067219	PRJNA1138464	SRP521244	SRX25404679	Vigna angularis	RAD-Seq	SINGLE	GENOMIC	Restriction Digest	ILLUMINA	Illumina HiSeq 2500	2461971	204343593	93076376	6cb5c1507533b981143871465eb7c6f4	ftp.sra.ebi.ac.uk/vol1/fastq/SRR299/065/SRR29909165/SRR29909165.fastq.gz	false	false	EXCLUDED	not WGS paired-end
SRR29909166	SAMN42721243	SRS22067214	PRJNA1138464	SRP521244	SRX25404678	Vigna angularis	RAD-Seq	SINGLE	GENOMIC	Restriction Digest	ILLUMINA	Illumina HiSeq 2500	2580159	214153197	98372988	266a7a5b2c90f39a968f68655638af98	ftp.sra.ebi.ac.uk/vol1/fastq/SRR299/066/SRR29909166/SRR29909166.fastq.gz	false	false	EXCLUDED	not WGS paired-end
SRR29909167	SAMN42721242	SRS22067215	PRJNA1138464	SRP521244	SRX25404677	Vigna angularis	RAD-Seq	SINGLE	GENOMIC	Restriction Digest	ILLUMINA	Illumina HiSeq 2500	2699564	224063812	104928208	9cbfd1985bda434df88bb6f694940aa5	ftp.sra.ebi.ac.uk/vol1/fastq/SRR299/067/SRR29909167/SRR29909167.fastq.gz	false	false	EXCLUDED	not WGS paired-end
SRR29909168	SAMN42721241	SRS22067213	PRJNA1138464	SRP521244	SRX25404676	Vigna angularis	RAD-Seq	SINGLE	GENOMIC	Restriction Digest	ILLUMINA	Illumina HiSeq 2500	2702186	224281438	105102880	528dcc48935db324e46362588fd36819	ftp.sra.ebi.ac.uk/vol1/fastq/SRR299/068/SRR29909168/SRR29909168.fastq.gz	false	false	EXCLUDED	not WGS paired-end
SRR29909169	SAMN42721240	SRS22067212	PRJNA1138464	SRP521244	SRX25404675	Vigna angularis	WGS	PAIRED	GENOMIC	size fractionation	ILLUMINA	Illumina HiSeq X	24369343	7310802900	2046523785;2239300071	4fbe01c2d5ab242521d87cc89c43273e;b8009172cbc2449aa36770e145b86150	ftp.sra.ebi.ac.uk/vol1/fastq/SRR299/069/SRR29909169/SRR29909169_1.fastq.gz;ftp.sra.ebi.ac.uk/vol1/fastq/SRR299/069/SRR29909169/SRR29909169_2.fastq.gz	false	false	EXCLUDED	outside frozen51 cohort
SRR29909170	SAMN42721239	SRS22067211	PRJNA1138464	SRP521244	SRX25404674	Vigna angularis	RAD-Seq	SINGLE	GENOMIC	Restriction Digest	ILLUMINA	Illumina HiSeq 2500	2709640	224900120	106161631	81fad1badc2f32869d3f97ed17a98d27	ftp.sra.ebi.ac.uk/vol1/fastq/SRR299/070/SRR29909170/SRR29909170.fastq.gz	false	false	EXCLUDED	not WGS paired-end
SRR29909171	SAMN42721238	SRS22067209	PRJNA1138464	SRP521244	SRX25404673	Vigna angularis	WGS	PAIRED	GENOMIC	size fractionation	ILLUMINA	Illumina HiSeq X	20575390	6172617000	1650596854;1783758670	8445230afd979bc6ac2b26eb8dc789b6;8785bfd2cd0c5244ef3079122c5946c9	ftp.sra.ebi.ac.uk/vol1/fastq/SRR299/071/SRR29909171/SRR29909171_1.fastq.gz;ftp.sra.ebi.ac.uk/vol1/fastq/SRR299/071/SRR29909171/SRR29909171_2.fastq.gz	true	true	SELECTED	existing20 public cohort
SRR29909172	SAMN42720932	SRS22067210	PRJNA1138464	SRP521244	SRX25404672	Vigna angularis	WGS	PAIRED	GENOMIC	size fractionation	ILLUMINA	Illumina HiSeq X	33561727	10068518100	2674788973;3039610048	343808787f736015aa794b0c75fc2c0b;4ea7586351af888aee968181091814d6	ftp.sra.ebi.ac.uk/vol1/fastq/SRR299/072/SRR29909172/SRR29909172_1.fastq.gz;ftp.sra.ebi.ac.uk/vol1/fastq/SRR299/072/SRR29909172/SRR29909172_2.fastq.gz	false	false	EXCLUDED	outside frozen51 cohort
SRR29909173	SAMN42721237	SRS22067207	PRJNA1138464	SRP521244	SRX25404671	Vigna angularis	WGS	PAIRED	GENOMIC	size fractionation	ILLUMINA	Illumina HiSeq X	20386963	6116088900	1718934339;1939359822	c2e90c55af89c6075f684537bfc6d6cf;e3212de8c6a28b83769a9825cdf249ad	ftp.sra.ebi.ac.uk/vol1/fastq/SRR299/073/SRR29909173/SRR29909173_1.fastq.gz;ftp.sra.ebi.ac.uk/vol1/fastq/SRR299/073/SRR29909173/SRR29909173_2.fastq.gz	false	false	EXCLUDED	outside frozen51 cohort
SRR29909174	SAMN42721236	SRS22067208	PRJNA1138464	SRP521244	SRX25404670	Vigna angularis	RAD-Seq	SINGLE	GENOMIC	Restriction Digest	ILLUMINA	Illumina HiSeq 2500	2767983	229742589	108689439	84726d04014d4eea75496a10bf3e88a4	ftp.sra.ebi.ac.uk/vol1/fastq/SRR299/074/SRR29909174/SRR29909174.fastq.gz	false	false	EXCLUDED	not WGS paired-end
SRR29909175	SAMN42721235	SRS22067206	PRJNA1138464	SRP521244	SRX25404669	Vigna angularis	RAD-Seq	SINGLE	GENOMIC	Restriction Digest	ILLUMINA	Illumina HiSeq 2500	2608704	216522432	104280032	62808ce53d24d7f0e03d8eb3d02f0879	ftp.sra.ebi.ac.uk/vol1/fastq/SRR299/075/SRR29909175/SRR29909175.fastq.gz	false	false	EXCLUDED	not WGS paired-end
SRR29909176	SAMN42721234	SRS22067202	PRJNA1138464	SRP521244	SRX25404668	Vigna angularis	RAD-Seq	SINGLE	GENOMIC	Restriction Digest	ILLUMINA	Illumina HiSeq 2500	2373707	197017681	91060181	4d5a6e8194f00677831e9e752e680c98	ftp.sra.ebi.ac.uk/vol1/fastq/SRR299/076/SRR29909176/SRR29909176.fastq.gz	false	false	EXCLUDED	not WGS paired-end
SRR29909177	SAMN42721233	SRS22067205	PRJNA1138464	SRP521244	SRX25404667	Vigna angularis	WGS	PAIRED	GENOMIC	size fractionation	ILLUMINA	Illumina HiSeq X	29282005	8784601500	2443770070;2611690288	e76b7b23604ca75da7eeb125fd2d8a45;cc79c7166597804ea5bb5857df4cf17c	ftp.sra.ebi.ac.uk/vol1/fastq/SRR299/077/SRR29909177/SRR29909177_1.fastq.gz;ftp.sra.ebi.ac.uk/vol1/fastq/SRR299/077/SRR29909177/SRR29909177_2.fastq.gz	false	false	EXCLUDED	outside frozen51 cohort
SRR29909178	SAMN42721232	SRS22067204	PRJNA1138464	SRP521244	SRX25404666	Vigna angularis	RAD-Seq	SINGLE	GENOMIC	Restriction Digest	ILLUMINA	Illumina HiSeq 2500	2714297	225286651	107358111	b5b52aebfbabd165a8aaca3d9847927e	ftp.sra.ebi.ac.uk/vol1/fastq/SRR299/078/SRR29909178/SRR29909178.fastq.gz	false	false	EXCLUDED	not WGS paired-end
SRR29909179	SAMN42721231	SRS22067203	PRJNA1138464	SRP521244	SRX25404665	Vigna angularis	RAD-Seq	SINGLE	GENOMIC	Restriction Digest	ILLUMINA	Illumina HiSeq 2500	2828202	234740766	113341759	2cfbf6ef3eeaf5efa0fb9f4d2a859d40	ftp.sra.ebi.ac.uk/vol1/fastq/SRR299/079/SRR29909179/SRR29909179.fastq.gz	false	false	EXCLUDED	not WGS paired-end
SRR29909180	SAMN42721230	SRS22067201	PRJNA1138464	SRP521244	SRX25404664	Vigna angularis	RAD-Seq	SINGLE	GENOMIC	Restriction Digest	ILLUMINA	Illumina HiSeq 2500	2870179	238224857	111756692	0d46ebced472c97ee0e8d504cb0f9d0a	ftp.sra.ebi.ac.uk/vol1/fastq/SRR299/080/SRR29909180/SRR29909180.fastq.gz	false	false	EXCLUDED	not WGS paired-end
SRR29909181	SAMN42721229	SRS22067200	PRJNA1138464	SRP521244	SRX25404663	Vigna angularis	RAD-Seq	SINGLE	GENOMIC	Restriction Digest	ILLUMINA	Illumina HiSeq 2500	2838093	235561719	110313351	cd325719ef5eddbee804c8d00a5b71c5	ftp.sra.ebi.ac.uk/vol1/fastq/SRR299/081/SRR29909181/SRR29909181.fastq.gz	false	false	EXCLUDED	not WGS paired-end
SRR29909182	SAMN42721228	SRS22067198	PRJNA1138464	SRP521244	SRX25404662	Vigna angularis	RAD-Seq	SINGLE	GENOMIC	Restriction Digest	ILLUMINA	Illumina HiSeq 2500	2803361	232678963	111658271	1287a0513033ae54690fa799c3ddd642	ftp.sra.ebi.ac.uk/vol1/fastq/SRR299/082/SRR29909182/SRR29909182.fastq.gz	false	false	EXCLUDED	not WGS paired-end
SRR29909183	SAMN42720931	SRS22067199	PRJNA1138464	SRP521244	SRX25404661	Vigna angularis	RAD-Seq	SINGLE	GENOMIC	Restriction Digest	ILLUMINA	Illumina HiSeq 2500	2853414	236833362	108298037	788a0ba83aad5f0f3068d03801d6b622	ftp.sra.ebi.ac.uk/vol1/fastq/SRR299/083/SRR29909183/SRR29909183.fastq.gz	false	false	EXCLUDED	not WGS paired-end
SRR29909184	SAMN42721227	SRS22067197	PRJNA1138464	SRP521244	SRX25404660	Vigna angularis	RAD-Seq	SINGLE	GENOMIC	Restriction Digest	ILLUMINA	Illumina HiSeq 2500	2867273	237983659	111501445	aa1a77d4a88ccdf9b3cda2f9fd8c1ace	ftp.sra.ebi.ac.uk/vol1/fastq/SRR299/084/SRR29909184/SRR29909184.fastq.gz	false	false	EXCLUDED	not WGS paired-end
SRR29909185	SAMN42721110	SRS22067196	PRJNA1138464	SRP521244	SRX25404659	Vigna angularis	WGS	PAIRED	GENOMIC	size fractionation	ILLUMINA	Illumina HiSeq X	28885052	8665515600	2297647188;2683691420	77c06c9f60939d787b0f92e836361b8b;41ce0b7a28047f6239bdd54f48a825cd	ftp.sra.ebi.ac.uk/vol1/fastq/SRR299/085/SRR29909185/SRR29909185_1.fastq.gz;ftp.sra.ebi.ac.uk/vol1/fastq/SRR299/085/SRR29909185/SRR29909185_2.fastq.gz	false	false	EXCLUDED	outside frozen51 cohort
SRR29909186	SAMN42721109	SRS22067193	PRJNA1138464	SRP521244	SRX25404658	Vigna angularis	RAD-Seq	SINGLE	GENOMIC	Restriction Digest	ILLUMINA	Illumina HiSeq 2500	2998632	248886456	116147387	2287a70bd9b36cedf0bdda83e1168c24	ftp.sra.ebi.ac.uk/vol1/fastq/SRR299/086/SRR29909186/SRR29909186.fastq.gz	false	false	EXCLUDED	not WGS paired-end
SRR29909187	SAMN42721108	SRS22067195	PRJNA1138464	SRP521244	SRX25404657	Vigna angularis	RAD-Seq	SINGLE	GENOMIC	Restriction Digest	ILLUMINA	Illumina HiSeq 2500	2779114	230666462	110695850	0b2aa1b6cd6fcbd4cac7113e773240d9	ftp.sra.ebi.ac.uk/vol1/fastq/SRR299/087/SRR29909187/SRR29909187.fastq.gz	false	false	EXCLUDED	not WGS paired-end
SRR29909188	SAMN42720919	SRS22067194	PRJNA1138464	SRP521244	SRX25404656	Vigna angularis	WGS	PAIRED	GENOMIC	size fractionation	ILLUMINA	Illumina HiSeq X	25847585	7754275500	2064340228;2419265078	e084feae3ce3125ee1de4ddab106975b;8df2123d96e61750d715404342813bb3	ftp.sra.ebi.ac.uk/vol1/fastq/SRR299/088/SRR29909188/SRR29909188_1.fastq.gz;ftp.sra.ebi.ac.uk/vol1/fastq/SRR299/088/SRR29909188/SRR29909188_2.fastq.gz	false	false	EXCLUDED	outside frozen51 cohort
SRR29909189	SAMN42721107	SRS22067192	PRJNA1138464	SRP521244	SRX25404655	Vigna angularis	WGS	PAIRED	GENOMIC	size fractionation	ILLUMINA	Illumina HiSeq X	33076547	9922964100	2598041030;2920272639	17a2700982439bfb57a4f2efd337aad6;a0b12938760175f0fba3668c4926f324	ftp.sra.ebi.ac.uk/vol1/fastq/SRR299/089/SRR29909189/SRR29909189_1.fastq.gz;ftp.sra.ebi.ac.uk/vol1/fastq/SRR299/089/SRR29909189/SRR29909189_2.fastq.gz	false	false	EXCLUDED	outside frozen51 cohort
SRR29909190	SAMN42721106	SRS22067190	PRJNA1138464	SRP521244	SRX25404654	Vigna angularis	RAD-Seq	SINGLE	GENOMIC	Restriction Digest	ILLUMINA	Illumina HiSeq 2500	2967641	246314203	115130973	64462b8257d501a1b7ebc32087f42ba3	ftp.sra.ebi.ac.uk/vol1/fastq/SRR299/090/SRR29909190/SRR29909190.fastq.gz	false	false	EXCLUDED	not WGS paired-end
SRR29909191	SAMN42721105	SRS22067191	PRJNA1138464	SRP521244	SRX25404653	Vigna angularis	RAD-Seq	SINGLE	GENOMIC	Restriction Digest	ILLUMINA	Illumina HiSeq 2500	2859035	237299905	112289734	0c325d5ea2a633316a255f25a49cb0b0	ftp.sra.ebi.ac.uk/vol1/fastq/SRR299/091/SRR29909191/SRR29909191.fastq.gz	false	false	EXCLUDED	not WGS paired-end
SRR29909192	SAMN42721104	SRS22067189	PRJNA1138464	SRP521244	SRX25404652	Vigna angularis	WGS	PAIRED	GENOMIC	size fractionation	ILLUMINA	Illumina HiSeq X	24787404	7436221200	1975905209;2316931323	227cacc3a3bc088e17127a35d53bc316;bfe4f33d33556af459416edd55a4db83	ftp.sra.ebi.ac.uk/vol1/fastq/SRR299/092/SRR29909192/SRR29909192_1.fastq.gz;ftp.sra.ebi.ac.uk/vol1/fastq/SRR299/092/SRR29909192/SRR29909192_2.fastq.gz	false	false	EXCLUDED	outside frozen51 cohort
SRR29909193	SAMN42721103	SRS22067188	PRJNA1138464	SRP521244	SRX25404651	Vigna angularis	WGS	PAIRED	GENOMIC	size fractionation	ILLUMINA	Illumina HiSeq X	25912762	7773828600	2072161552;2487869763	ab50f456639ae1b738ccf179d51d45c7;553fea8b6bf8564fd84d6335b5879afd	ftp.sra.ebi.ac.uk/vol1/fastq/SRR299/093/SRR29909193/SRR29909193_1.fastq.gz;ftp.sra.ebi.ac.uk/vol1/fastq/SRR299/093/SRR29909193/SRR29909193_2.fastq.gz	false	false	EXCLUDED	outside frozen51 cohort
SRR29909194	SAMN42721102	SRS22067187	PRJNA1138464	SRP521244	SRX25404650	Vigna angularis	RAD-Seq	SINGLE	GENOMIC	Restriction Digest	ILLUMINA	Illumina HiSeq 2500	2841182	235818106	110402928	23829339fbfcfac5d889ea2e0fc9405f	ftp.sra.ebi.ac.uk/vol1/fastq/SRR299/094/SRR29909194/SRR29909194.fastq.gz	false	false	EXCLUDED	not WGS paired-end
SRR29909195	SAMN42721101	SRS22067186	PRJNA1138464	SRP521244	SRX25404649	Vigna angularis	RAD-Seq	SINGLE	GENOMIC	Restriction Digest	ILLUMINA	Illumina HiSeq 2500	2876591	238757053	112155406	8aead4893b4f29e7958325012350054d	ftp.sra.ebi.ac.uk/vol1/fastq/SRR299/095/SRR29909195/SRR29909195.fastq.gz	false	false	EXCLUDED	not WGS paired-end
SRR29909196	SAMN42721100	SRS22067185	PRJNA1138464	SRP521244	SRX25404648	Vigna angularis	RAD-Seq	SINGLE	GENOMIC	Restriction Digest	ILLUMINA	Illumina HiSeq 2500	2892684	240092772	114181367	02781c16dbfe7b322e7fa0eb6e9b4ba8	ftp.sra.ebi.ac.uk/vol1/fastq/SRR299/096/SRR29909196/SRR29909196.fastq.gz	false	false	EXCLUDED	not WGS paired-end
SRR29909197	SAMN42721099	SRS22067182	PRJNA1138464	SRP521244	SRX25404647	Vigna angularis	RAD-Seq	SINGLE	GENOMIC	Restriction Digest	ILLUMINA	Illumina HiSeq 2500	2835066	235310478	114816022	848ff386550a15b91379f77e51c5b9f8	ftp.sra.ebi.ac.uk/vol1/fastq/SRR299/097/SRR29909197/SRR29909197.fastq.gz	false	false	EXCLUDED	not WGS paired-end
SRR29909198	SAMN42721098	SRS22067184	PRJNA1138464	SRP521244	SRX25404646	Vigna angularis	RAD-Seq	SINGLE	GENOMIC	Restriction Digest	ILLUMINA	Illumina HiSeq 2500	2905638	241167954	114757861	9ea97d75dee42fdfe94546c1b56f2c37	ftp.sra.ebi.ac.uk/vol1/fastq/SRR299/098/SRR29909198/SRR29909198.fastq.gz	false	false	EXCLUDED	not WGS paired-end
SRR29909199	SAMN42720918	SRS22067180	PRJNA1138464	SRP521244	SRX25404645	Vigna angularis	WGS	PAIRED	GENOMIC	size fractionation	ILLUMINA	Illumina HiSeq X	24886828	7466048400	1995212900;2175468503	77eb366df6e1d09cda8cc1630f7350e6;86a2232d67b336128428c8651cf2135a	ftp.sra.ebi.ac.uk/vol1/fastq/SRR299/099/SRR29909199/SRR29909199_1.fastq.gz;ftp.sra.ebi.ac.uk/vol1/fastq/SRR299/099/SRR29909199/SRR29909199_2.fastq.gz	false	false	EXCLUDED	outside frozen51 cohort
SRR29909200	SAMN42720900	SRS22067181	PRJNA1138464	SRP521244	SRX25404644	Vigna angularis	RAD-Seq	SINGLE	GENOMIC	Restriction Digest	ILLUMINA	Illumina HiSeq 2500	2450229	203369007	93665646	4cdd3a0e6292b70b0b8a3faa063575ea	ftp.sra.ebi.ac.uk/vol1/fastq/SRR299/000/SRR29909200/SRR29909200.fastq.gz	false	false	EXCLUDED	not WGS paired-end
SRR29909201	SAMN42721097	SRS22067183	PRJNA1138464	SRP521244	SRX25404643	Vigna angularis	RAD-Seq	SINGLE	GENOMIC	Restriction Digest	ILLUMINA	Illumina HiSeq 2500	2774899	230316617	106902592	916bb3284df5483f022f5a841a43fb6b	ftp.sra.ebi.ac.uk/vol1/fastq/SRR299/001/SRR29909201/SRR29909201.fastq.gz	false	false	EXCLUDED	not WGS paired-end
SRR29909202	SAMN42721096	SRS22067179	PRJNA1138464	SRP521244	SRX25404642	Vigna angularis	RAD-Seq	SINGLE	GENOMIC	Restriction Digest	ILLUMINA	Illumina HiSeq 2500	2710826	224998558	106750125	9326b82ce0928a57b0fcee56e5aecb41	ftp.sra.ebi.ac.uk/vol1/fastq/SRR299/002/SRR29909202/SRR29909202.fastq.gz	false	false	EXCLUDED	not WGS paired-end
SRR29909203	SAMN42721095	SRS22067178	PRJNA1138464	SRP521244	SRX25404641	Vigna angularis	WGS	PAIRED	GENOMIC	size fractionation	ILLUMINA	Illumina HiSeq X	27178963	8153688900	2161934554;2508819331	045eb3da041ba743345e71dcdaccdbe2;a5be2bd52a166a0997fd512640a32136	ftp.sra.ebi.ac.uk/vol1/fastq/SRR299/003/SRR29909203/SRR29909203_1.fastq.gz;ftp.sra.ebi.ac.uk/vol1/fastq/SRR299/003/SRR29909203/SRR29909203_2.fastq.gz	false	false	EXCLUDED	outside frozen51 cohort
SRR29909204	SAMN42721094	SRS22067177	PRJNA1138464	SRP521244	SRX25404640	Vigna angularis	RAD-Seq	SINGLE	GENOMIC	Restriction Digest	ILLUMINA	Illumina HiSeq 2500	2666050	221282150	103298095	98234edefc49352dbb2b79c78f31484d	ftp.sra.ebi.ac.uk/vol1/fastq/SRR299/004/SRR29909204/SRR29909204.fastq.gz	false	false	EXCLUDED	not WGS paired-end
SRR29909205	SAMN42721093	SRS22067175	PRJNA1138464	SRP521244	SRX25404639	Vigna angularis	RAD-Seq	SINGLE	GENOMIC	Restriction Digest	ILLUMINA	Illumina HiSeq 2500	2749261	228188663	106172708	b7dd435c46a3006fb62285158361a2a1	ftp.sra.ebi.ac.uk/vol1/fastq/SRR299/005/SRR29909205/SRR29909205.fastq.gz	false	false	EXCLUDED	not WGS paired-end
SRR29909206	SAMN42721092	SRS22067176	PRJNA1138464	SRP521244	SRX25404638	Vigna angularis	RAD-Seq	SINGLE	GENOMIC	Restriction Digest	ILLUMINA	Illumina HiSeq 2500	2848827	236452641	109073768	934e878f48a08024bb28a33e57486247	ftp.sra.ebi.ac.uk/vol1/fastq/SRR299/006/SRR29909206/SRR29909206.fastq.gz	false	false	EXCLUDED	not WGS paired-end
SRR29909207	SAMN42721091	SRS22067173	PRJNA1138464	SRP521244	SRX25404637	Vigna angularis	RAD-Seq	SINGLE	GENOMIC	Restriction Digest	ILLUMINA	Illumina HiSeq 2500	2659351	220726133	103079959	a5b4fbef164e65e75e213712f395a36b	ftp.sra.ebi.ac.uk/vol1/fastq/SRR299/007/SRR29909207/SRR29909207.fastq.gz	false	false	EXCLUDED	not WGS paired-end
SRR29909208	SAMN42721090	SRS22067174	PRJNA1138464	SRP521244	SRX25404636	Vigna angularis	RAD-Seq	SINGLE	GENOMIC	Restriction Digest	ILLUMINA	Illumina HiSeq 2500	2767759	229723997	108122417	d8382ff3815e0ae24133eed3e4cede59	ftp.sra.ebi.ac.uk/vol1/fastq/SRR299/008/SRR29909208/SRR29909208.fastq.gz	false	false	EXCLUDED	not WGS paired-end
SRR29909209	SAMN42721089	SRS22067172	PRJNA1138464	SRP521244	SRX25404635	Vigna angularis	RAD-Seq	SINGLE	GENOMIC	Restriction Digest	ILLUMINA	Illumina HiSeq 2500	2432322	201882726	95055198	d188c3da0e1628b1553bf5455eb19d5d	ftp.sra.ebi.ac.uk/vol1/fastq/SRR299/009/SRR29909209/SRR29909209.fastq.gz	false	false	EXCLUDED	not WGS paired-end
SRR29909210	SAMN42721088	SRS22067171	PRJNA1138464	SRP521244	SRX25404634	Vigna angularis	RAD-Seq	SINGLE	GENOMIC	Restriction Digest	ILLUMINA	Illumina HiSeq 2500	2635389	218737287	101387436	b3eadbec14d728a2fe203569ecbe43a7	ftp.sra.ebi.ac.uk/vol1/fastq/SRR299/010/SRR29909210/SRR29909210.fastq.gz	false	false	EXCLUDED	not WGS paired-end
SRR29909211	SAMN42720917	SRS22067170	PRJNA1138464	SRP521244	SRX25404633	Vigna angularis	RAD-Seq	SINGLE	GENOMIC	Restriction Digest	ILLUMINA	Illumina HiSeq 2500	2489741	206648503	95906249	fe6596b759afb3c9d712969055c1cbf3	ftp.sra.ebi.ac.uk/vol1/fastq/SRR299/011/SRR29909211/SRR29909211.fastq.gz	false	false	EXCLUDED	not WGS paired-end
SRR29909212	SAMN42721087	SRS22067169	PRJNA1138464	SRP521244	SRX25404632	Vigna angularis	WGS	PAIRED	GENOMIC	size fractionation	ILLUMINA	Illumina HiSeq X	30156843	9047052900	2418455477;2780910429	774ce696ba520dc63c4f81a53c873a22;efd348664c80ab1ff67f9d405c583317	ftp.sra.ebi.ac.uk/vol1/fastq/SRR299/012/SRR29909212/SRR29909212_1.fastq.gz;ftp.sra.ebi.ac.uk/vol1/fastq/SRR299/012/SRR29909212/SRR29909212_2.fastq.gz	false	false	EXCLUDED	outside frozen51 cohort
SRR29909213	SAMN42721086	SRS22067167	PRJNA1138464	SRP521244	SRX25404631	Vigna angularis	WGS	PAIRED	GENOMIC	size fractionation	ILLUMINA	Illumina HiSeq X	33433258	10029977400	2666233739;3007498985	26e667de81fa97fa201ea673688445dc;092cb5e0b554b62c487d69823d30b07e	ftp.sra.ebi.ac.uk/vol1/fastq/SRR299/013/SRR29909213/SRR29909213_1.fastq.gz;ftp.sra.ebi.ac.uk/vol1/fastq/SRR299/013/SRR29909213/SRR29909213_2.fastq.gz	false	false	EXCLUDED	outside frozen51 cohort
SRR29909214	SAMN42721085	SRS22067168	PRJNA1138464	SRP521244	SRX25404630	Vigna angularis	RAD-Seq	SINGLE	GENOMIC	Restriction Digest	ILLUMINA	Illumina HiSeq 2500	2705112	224524296	104326612	aa9b8bdce628d9d56a748ccb78fda83f	ftp.sra.ebi.ac.uk/vol1/fastq/SRR299/014/SRR29909214/SRR29909214.fastq.gz	false	false	EXCLUDED	not WGS paired-end
SRR29909215	SAMN42721084	SRS22067166	PRJNA1138464	SRP521244	SRX25404629	Vigna angularis	WGS	PAIRED	GENOMIC	size fractionation	ILLUMINA	Illumina HiSeq X	26123441	7837032300	2078343130;2442879358	f198d06570ad2815b4a583567ef16d33;b89939c4d2eec6827c5d5835f3430ea2	ftp.sra.ebi.ac.uk/vol1/fastq/SRR299/015/SRR29909215/SRR29909215_1.fastq.gz;ftp.sra.ebi.ac.uk/vol1/fastq/SRR299/015/SRR29909215/SRR29909215_2.fastq.gz	false	false	EXCLUDED	outside frozen51 cohort
SRR29909216	SAMN42721083	SRS22067165	PRJNA1138464	SRP521244	SRX25404628	Vigna angularis	RAD-Seq	SINGLE	GENOMIC	Restriction Digest	ILLUMINA	Illumina HiSeq 2500	2697843	223920969	101596149	bbf0ff395978372eb49a52e7d3170cf3	ftp.sra.ebi.ac.uk/vol1/fastq/SRR299/016/SRR29909216/SRR29909216.fastq.gz	false	false	EXCLUDED	not WGS paired-end
SRR29909217	SAMN42721053	SRS22067163	PRJNA1138464	SRP521244	SRX25404627	Vigna angularis	RAD-Seq	SINGLE	GENOMIC	Restriction Digest	ILLUMINA	Illumina HiSeq 2500	2877385	238822955	108775648	b66465249169ae5a691e1c20422cf29a	ftp.sra.ebi.ac.uk/vol1/fastq/SRR299/017/SRR29909217/SRR29909217.fastq.gz	false	false	EXCLUDED	not WGS paired-end
SRR29909218	SAMN42721052	SRS22067162	PRJNA1138464	SRP521244	SRX25404626	Vigna angularis	RAD-Seq	SINGLE	GENOMIC	Restriction Digest	ILLUMINA	Illumina HiSeq 2500	2738605	227304215	106149797	ef74e65b95479bee52bf2a4f7746ddaa	ftp.sra.ebi.ac.uk/vol1/fastq/SRR299/018/SRR29909218/SRR29909218.fastq.gz	false	false	EXCLUDED	not WGS paired-end
SRR29909219	SAMN42721051	SRS22067164	PRJNA1138464	SRP521244	SRX25404625	Vigna angularis	RAD-Seq	SINGLE	GENOMIC	Restriction Digest	ILLUMINA	Illumina HiSeq 2500	2661742	220924586	100980418	b5a6087b2b25bf3db31afcb67894076c	ftp.sra.ebi.ac.uk/vol1/fastq/SRR299/019/SRR29909219/SRR29909219.fastq.gz	false	false	EXCLUDED	not WGS paired-end
SRR29909220	SAMN42721050	SRS22067161	PRJNA1138464	SRP521244	SRX25404624	Vigna angularis	RAD-Seq	SINGLE	GENOMIC	Restriction Digest	ILLUMINA	Illumina HiSeq 2500	2844933	236129439	109073936	63a33549711a96d60aad5c4d7cbe9416	ftp.sra.ebi.ac.uk/vol1/fastq/SRR299/020/SRR29909220/SRR29909220.fastq.gz	false	false	EXCLUDED	not WGS paired-end
SRR29909221	SAMN42721049	SRS22067159	PRJNA1138464	SRP521244	SRX25404623	Vigna angularis	RAD-Seq	SINGLE	GENOMIC	Restriction Digest	ILLUMINA	Illumina HiSeq 2500	2864456	237749848	110402222	8cbc27bd6733cbcd20695849d0549e3b	ftp.sra.ebi.ac.uk/vol1/fastq/SRR299/021/SRR29909221/SRR29909221.fastq.gz	false	false	EXCLUDED	not WGS paired-end
SRR29909222	SAMN42721048	SRS22067158	PRJNA1138464	SRP521244	SRX25404622	Vigna angularis	RAD-Seq	SINGLE	GENOMIC	Restriction Digest	ILLUMINA	Illumina HiSeq 2500	2671706	221751598	104394928	bd9d1bb3402c431a49641e3ca42c69a3	ftp.sra.ebi.ac.uk/vol1/fastq/SRR299/022/SRR29909222/SRR29909222.fastq.gz	false	false	EXCLUDED	not WGS paired-end
SRR29909223	SAMN42720913	SRS22067160	PRJNA1138464	SRP521244	SRX25404621	Vigna angularis	RAD-Seq	SINGLE	GENOMIC	Restriction Digest	ILLUMINA	Illumina HiSeq 2500	2421909	201018447	93373054	2301a4d71d8e91634c73a14317020da6	ftp.sra.ebi.ac.uk/vol1/fastq/SRR299/023/SRR29909223/SRR29909223.fastq.gz	false	false	EXCLUDED	not WGS paired-end
SRR29909224	SAMN42721047	SRS22067157	PRJNA1138464	SRP521244	SRX25404620	Vigna angularis	RAD-Seq	SINGLE	GENOMIC	Restriction Digest	ILLUMINA	Illumina HiSeq 2500	2771317	230019311	104963767	93503d6f8800940632126a27be7cb851	ftp.sra.ebi.ac.uk/vol1/fastq/SRR299/024/SRR29909224/SRR29909224.fastq.gz	false	false	EXCLUDED	not WGS paired-end
SRR29909225	SAMN42721046	SRS22067156	PRJNA1138464	SRP521244	SRX25404619	Vigna angularis	RAD-Seq	SINGLE	GENOMIC	Restriction Digest	ILLUMINA	Illumina HiSeq 2500	2625023	217876909	102393052	603639e87c56c7e2f786f72a82dee7f9	ftp.sra.ebi.ac.uk/vol1/fastq/SRR299/025/SRR29909225/SRR29909225.fastq.gz	false	false	EXCLUDED	not WGS paired-end
SRR29909226	SAMN42721045	SRS22067155	PRJNA1138464	SRP521244	SRX25404618	Vigna angularis	RAD-Seq	SINGLE	GENOMIC	Restriction Digest	ILLUMINA	Illumina HiSeq 2500	2804531	232776073	109641479	1d9517942bca18edb9f63e915ff8c126	ftp.sra.ebi.ac.uk/vol1/fastq/SRR299/026/SRR29909226/SRR29909226.fastq.gz	false	false	EXCLUDED	not WGS paired-end
SRR29909227	SAMN42721044	SRS22067154	PRJNA1138464	SRP521244	SRX25404617	Vigna angularis	WGS	PAIRED	GENOMIC	size fractionation	ILLUMINA	Illumina HiSeq X	30185752	9055725600	2404803586;2849582081	9e6c1421e9feb1903f4bc99895224226;3d0532847ee5f7573a2a631e3d29085b	ftp.sra.ebi.ac.uk/vol1/fastq/SRR299/027/SRR29909227/SRR29909227_1.fastq.gz;ftp.sra.ebi.ac.uk/vol1/fastq/SRR299/027/SRR29909227/SRR29909227_2.fastq.gz	false	false	EXCLUDED	outside frozen51 cohort
SRR29909228	SAMN42721043	SRS22067153	PRJNA1138464	SRP521244	SRX25404616	Vigna angularis	WGS	PAIRED	GENOMIC	size fractionation	ILLUMINA	Illumina HiSeq X	29705580	8911674000	2348497872;2731023349	533b5de48b0b4933c5ff3787326cda34;f79941d2dc6b2a5b4c494b0081f308cf	ftp.sra.ebi.ac.uk/vol1/fastq/SRR299/028/SRR29909228/SRR29909228_1.fastq.gz;ftp.sra.ebi.ac.uk/vol1/fastq/SRR299/028/SRR29909228/SRR29909228_2.fastq.gz	false	false	EXCLUDED	outside frozen51 cohort
SRR29909229	SAMN42721042	SRS22067151	PRJNA1138464	SRP521244	SRX25404615	Vigna angularis	WGS	PAIRED	GENOMIC	size fractionation	ILLUMINA	Illumina HiSeq X	33760180	10128054000	2681445065;3109649996	6fda3b05040aeef71af273820d312480;3fcc60cb176f78167f2a938321198203	ftp.sra.ebi.ac.uk/vol1/fastq/SRR299/029/SRR29909229/SRR29909229_1.fastq.gz;ftp.sra.ebi.ac.uk/vol1/fastq/SRR299/029/SRR29909229/SRR29909229_2.fastq.gz	false	false	EXCLUDED	outside frozen51 cohort
SRR29909230	SAMN42721041	SRS22067152	PRJNA1138464	SRP521244	SRX25404614	Vigna angularis	WGS	PAIRED	GENOMIC	size fractionation	ILLUMINA	Illumina HiSeq X	30964720	9289416000	2445076590;2671690203	b08f9762b13da8f86eb3d9cf7a1fd90c;b5156f661335a811b39b0487c2107212	ftp.sra.ebi.ac.uk/vol1/fastq/SRR299/030/SRR29909230/SRR29909230_1.fastq.gz;ftp.sra.ebi.ac.uk/vol1/fastq/SRR299/030/SRR29909230/SRR29909230_2.fastq.gz	false	false	EXCLUDED	outside frozen51 cohort
SRR29909231	SAMN42721040	SRS22067150	PRJNA1138464	SRP521244	SRX25404613	Vigna angularis	WGS	PAIRED	GENOMIC	size fractionation	ILLUMINA	Illumina HiSeq X	29843923	8953176900	2362129325;2724099867	7a05f59e53d249431e4348a79c45fddf;9368b1ce483e4c11dd49bed800e45836	ftp.sra.ebi.ac.uk/vol1/fastq/SRR299/031/SRR29909231/SRR29909231_1.fastq.gz;ftp.sra.ebi.ac.uk/vol1/fastq/SRR299/031/SRR29909231/SRR29909231_2.fastq.gz	false	false	EXCLUDED	outside frozen51 cohort
SRR29909232	SAMN42721039	SRS22067149	PRJNA1138464	SRP521244	SRX25404612	Vigna angularis	WGS	PAIRED	GENOMIC	size fractionation	ILLUMINA	Illumina HiSeq X	29067989	8720396700	2368759300;2459236833	1e23b79b5649c018e93d49f0f439171d;eaf284299fe77b43705bde36991c9148	ftp.sra.ebi.ac.uk/vol1/fastq/SRR299/032/SRR29909232/SRR29909232_1.fastq.gz;ftp.sra.ebi.ac.uk/vol1/fastq/SRR299/032/SRR29909232/SRR29909232_2.fastq.gz	false	false	EXCLUDED	outside frozen51 cohort
SRR29909233	SAMN42721038	SRS22067148	PRJNA1138464	SRP521244	SRX25404611	Vigna angularis	WGS	PAIRED	GENOMIC	size fractionation	ILLUMINA	Illumina HiSeq X	37051647	11115494100	3016803974;3150287389	a6c40adc11f7174f30e1e42c77b7add2;f1dd247ca0c2e7bc4f00f65f5ab0b4bf	ftp.sra.ebi.ac.uk/vol1/fastq/SRR299/033/SRR29909233/SRR29909233_1.fastq.gz;ftp.sra.ebi.ac.uk/vol1/fastq/SRR299/033/SRR29909233/SRR29909233_2.fastq.gz	false	false	EXCLUDED	outside frozen51 cohort
SRR29909234	SAMN42720912	SRS22067147	PRJNA1138464	SRP521244	SRX25404610	Vigna angularis	WGS	PAIRED	GENOMIC	size fractionation	ILLUMINA	Illumina HiSeq X	24016988	7205096400	1908227189;2203444813	3533577bcb420d86b6fa75b08f37dda6;753e4f4ac1d9f9cb9fe7bdc0001aa737	ftp.sra.ebi.ac.uk/vol1/fastq/SRR299/034/SRR29909234/SRR29909234_1.fastq.gz;ftp.sra.ebi.ac.uk/vol1/fastq/SRR299/034/SRR29909234/SRR29909234_2.fastq.gz	false	false	EXCLUDED	outside frozen51 cohort
SRR29909235	SAMN42721037	SRS22067144	PRJNA1138464	SRP521244	SRX25404609	Vigna angularis	WGS	PAIRED	GENOMIC	size fractionation	ILLUMINA	Illumina HiSeq X	32740550	9822165000	2597010395;2750869472	2252c825af326a61cb90d9be200c9ad3;3ab11ddab743d357acbc245eadfd20db	ftp.sra.ebi.ac.uk/vol1/fastq/SRR299/035/SRR29909235/SRR29909235_1.fastq.gz;ftp.sra.ebi.ac.uk/vol1/fastq/SRR299/035/SRR29909235/SRR29909235_2.fastq.gz	false	false	EXCLUDED	outside frozen51 cohort
SRR29909236	SAMN42721036	SRS22067146	PRJNA1138464	SRP521244	SRX25404608	Vigna angularis	RAD-Seq	SINGLE	GENOMIC	Restriction Digest	ILLUMINA	Illumina HiSeq 2500	2782816	230973728	108073432	b4d5324c58bab9abbce4071fe648edd4	ftp.sra.ebi.ac.uk/vol1/fastq/SRR299/036/SRR29909236/SRR29909236.fastq.gz	false	false	EXCLUDED	not WGS paired-end
SRR29909237	SAMN42721035	SRS22067145	PRJNA1138464	SRP521244	SRX25404607	Vigna angularis	WGS	PAIRED	GENOMIC	size fractionation	ILLUMINA	Illumina HiSeq X	32346250	9703875000	2637356484;2712806429	4b1d1b7b2f6e2eb1b08c702dd0469311;848ddc26c9c452d863169d2df8d510b7	ftp.sra.ebi.ac.uk/vol1/fastq/SRR299/037/SRR29909237/SRR29909237_1.fastq.gz;ftp.sra.ebi.ac.uk/vol1/fastq/SRR299/037/SRR29909237/SRR29909237_2.fastq.gz	false	false	EXCLUDED	outside frozen51 cohort
SRR29909238	SAMN42721034	SRS22067143	PRJNA1138464	SRP521244	SRX25404606	Vigna angularis	WGS	PAIRED	GENOMIC	size fractionation	ILLUMINA	Illumina HiSeq X	26964561	8089368300	2170109004;2277150300	a567164b055e45de1e92db96a830279c;f98d7f13c0cfb738c12087ae957ebf25	ftp.sra.ebi.ac.uk/vol1/fastq/SRR299/038/SRR29909238/SRR29909238_1.fastq.gz;ftp.sra.ebi.ac.uk/vol1/fastq/SRR299/038/SRR29909238/SRR29909238_2.fastq.gz	false	false	EXCLUDED	outside frozen51 cohort
SRR29909239	SAMN42721033	SRS22067142	PRJNA1138464	SRP521244	SRX25404605	Vigna angularis	WGS	PAIRED	GENOMIC	size fractionation	ILLUMINA	Illumina HiSeq X	25050337	7515101100	2065927070;2155734079	8da0eaac29916ac0b607a8743dac7721;bac8b80030cd10527400344489174e94	ftp.sra.ebi.ac.uk/vol1/fastq/SRR299/039/SRR29909239/SRR29909239_1.fastq.gz;ftp.sra.ebi.ac.uk/vol1/fastq/SRR299/039/SRR29909239/SRR29909239_2.fastq.gz	false	false	EXCLUDED	outside frozen51 cohort
SRR29909240	SAMN42721032	SRS22067141	PRJNA1138464	SRP521244	SRX25404604	Vigna angularis	RAD-Seq	SINGLE	GENOMIC	Restriction Digest	ILLUMINA	Illumina HiSeq 2500	2598961	215713763	101507506	1a62299ce12d8f2f2db2f3ef93dccb35	ftp.sra.ebi.ac.uk/vol1/fastq/SRR299/040/SRR29909240/SRR29909240.fastq.gz	false	false	EXCLUDED	not WGS paired-end
SRR29909241	SAMN42721031	SRS22067140	PRJNA1138464	SRP521244	SRX25404603	Vigna angularis	WGS	PAIRED	GENOMIC	size fractionation	ILLUMINA	Illumina HiSeq X	28434800	8530440000	2324815401;2396753362	0d0431626a1e74e8d5cda4c5ce2c243b;9f511169a1f0f74c662211835279851e	ftp.sra.ebi.ac.uk/vol1/fastq/SRR299/041/SRR29909241/SRR29909241_1.fastq.gz;ftp.sra.ebi.ac.uk/vol1/fastq/SRR299/041/SRR29909241/SRR29909241_2.fastq.gz	false	false	EXCLUDED	outside frozen51 cohort
SRR29909242	SAMN42721030	SRS22067138	PRJNA1138464	SRP521244	SRX25404602	Vigna angularis	RAD-Seq	SINGLE	GENOMIC	Restriction Digest	ILLUMINA	Illumina HiSeq 2500	2715405	225378615	104254979	67c1026030cc1c98642446a4c450de15	ftp.sra.ebi.ac.uk/vol1/fastq/SRR299/042/SRR29909242/SRR29909242.fastq.gz	false	false	EXCLUDED	not WGS paired-end
SRR29909243	SAMN42721029	SRS22067137	PRJNA1138464	SRP521244	SRX25404601	Vigna angularis	WGS	PAIRED	GENOMIC	size fractionation	ILLUMINA	Illumina HiSeq X	31433342	9430002600	2565038478;2630233854	af5ad97adc41d854d651f834f068b0dc;c9bfb421d853ba13f4c1a04ada715915	ftp.sra.ebi.ac.uk/vol1/fastq/SRR299/043/SRR29909243/SRR29909243_1.fastq.gz;ftp.sra.ebi.ac.uk/vol1/fastq/SRR299/043/SRR29909243/SRR29909243_2.fastq.gz	false	false	EXCLUDED	outside frozen51 cohort
SRR29909244	SAMN42721028	SRS22067139	PRJNA1138464	SRP521244	SRX25404600	Vigna angularis	WGS	PAIRED	GENOMIC	size fractionation	ILLUMINA	Illumina HiSeq X	29959384	8987815200	2468382470;2589900777	25861881b36bd87d05d7a4a5e6a2d0dd;81ecae148f2999e600776e377218183f	ftp.sra.ebi.ac.uk/vol1/fastq/SRR299/044/SRR29909244/SRR29909244_1.fastq.gz;ftp.sra.ebi.ac.uk/vol1/fastq/SRR299/044/SRR29909244/SRR29909244_2.fastq.gz	false	false	EXCLUDED	outside frozen51 cohort
SRR29909245	SAMN42720911	SRS22067135	PRJNA1138464	SRP521244	SRX25404599	Vigna angularis	WGS	PAIRED	GENOMIC	size fractionation	ILLUMINA	Illumina HiSeq X	23507025	7052107500	1878451542;2144783063	f62f8f7d65eb857f84c1dce07bf7368d;1240f62ac202579c9a765c2ccda371e1	ftp.sra.ebi.ac.uk/vol1/fastq/SRR299/045/SRR29909245/SRR29909245_1.fastq.gz;ftp.sra.ebi.ac.uk/vol1/fastq/SRR299/045/SRR29909245/SRR29909245_2.fastq.gz	false	false	EXCLUDED	outside frozen51 cohort
SRR29909246	SAMN42721027	SRS22067136	PRJNA1138464	SRP521244	SRX25404598	Vigna angularis	RAD-Seq	SINGLE	GENOMIC	Restriction Digest	ILLUMINA	Illumina HiSeq 2500	2660336	220807888	102388287	55463501d65d28cb5732332a608631d3	ftp.sra.ebi.ac.uk/vol1/fastq/SRR299/046/SRR29909246/SRR29909246.fastq.gz	false	false	EXCLUDED	not WGS paired-end
SRR29909247	SAMN42721026	SRS22067134	PRJNA1138464	SRP521244	SRX25404597	Vigna angularis	RAD-Seq	SINGLE	GENOMIC	Restriction Digest	ILLUMINA	Illumina HiSeq 2500	2599649	215770867	100847675	d4252768a0d6bc93d0cbd57862634045	ftp.sra.ebi.ac.uk/vol1/fastq/SRR299/047/SRR29909247/SRR29909247.fastq.gz	false	false	EXCLUDED	not WGS paired-end
SRR29909248	SAMN42721025	SRS22067133	PRJNA1138464	SRP521244	SRX25404596	Vigna angularis	WGS	PAIRED	GENOMIC	size fractionation	ILLUMINA	Illumina HiSeq X	29315270	8794581000	2318752197;2680039548	0f8075e73c9d5258cd13891fc625b5c5;2595647e9214dd6596fd78c39db4156a	ftp.sra.ebi.ac.uk/vol1/fastq/SRR299/048/SRR29909248/SRR29909248_1.fastq.gz;ftp.sra.ebi.ac.uk/vol1/fastq/SRR299/048/SRR29909248/SRR29909248_2.fastq.gz	false	false	EXCLUDED	outside frozen51 cohort
SRR29909249	SAMN42721457	SRS22067132	PRJNA1138464	SRP521244	SRX25404595	Vigna angularis	WGS	PAIRED	GENOMIC	size fractionation	ILLUMINA	Illumina HiSeq X	28775689	8632706700	2306315153;2597275969	38b3ee50d7b393c105d4229f147b16c4;304622c668fc2c0c1e9bee96b96ff699	ftp.sra.ebi.ac.uk/vol1/fastq/SRR299/049/SRR29909249/SRR29909249_1.fastq.gz;ftp.sra.ebi.ac.uk/vol1/fastq/SRR299/049/SRR29909249/SRR29909249_2.fastq.gz	false	false	EXCLUDED	outside frozen51 cohort
SRR29909250	SAMN42721456	SRS22067131	PRJNA1138464	SRP521244	SRX25404594	Vigna angularis	RAD-Seq	SINGLE	GENOMIC	Restriction Digest	ILLUMINA	Illumina HiSeq 2500	2308424	191599192	88654324	30d7c00ff1d7ae8ef4e49111ea0d3d0f	ftp.sra.ebi.ac.uk/vol1/fastq/SRR299/050/SRR29909250/SRR29909250.fastq.gz	false	false	EXCLUDED	not WGS paired-end
SRR29909251	SAMN42721455	SRS22067130	PRJNA1138464	SRP521244	SRX25404593	Vigna angularis	RAD-Seq	SINGLE	GENOMIC	Restriction Digest	ILLUMINA	Illumina HiSeq 2500	2405125	199625375	95846368	0587e42d83408cbb21fc5fde01c3052b	ftp.sra.ebi.ac.uk/vol1/fastq/SRR299/051/SRR29909251/SRR29909251.fastq.gz	false	false	EXCLUDED	not WGS paired-end
SRR29909252	SAMN42721454	SRS22067129	PRJNA1138464	SRP521244	SRX25404592	Vigna angularis	RAD-Seq	SINGLE	GENOMIC	Restriction Digest	ILLUMINA	Illumina HiSeq 2500	2258595	187463385	87290615	572f23bc29e6f163d9506f2d421e8d77	ftp.sra.ebi.ac.uk/vol1/fastq/SRR299/052/SRR29909252/SRR29909252.fastq.gz	false	false	EXCLUDED	not WGS paired-end
SRR29909253	SAMN42721453	SRS22067128	PRJNA1138464	SRP521244	SRX25404591	Vigna angularis	RAD-Seq	SINGLE	GENOMIC	Restriction Digest	ILLUMINA	Illumina HiSeq 2500	2172048	180279984	83001760	ff805eb5824d37a4385f726e655692a6	ftp.sra.ebi.ac.uk/vol1/fastq/SRR299/053/SRR29909253/SRR29909253.fastq.gz	false	false	EXCLUDED	not WGS paired-end
SRR29909254	SAMN42721452	SRS22067127	PRJNA1138464	SRP521244	SRX25404590	Vigna angularis	RAD-Seq	SINGLE	GENOMIC	Restriction Digest	ILLUMINA	Illumina HiSeq 2500	2065016	171396328	80315570	b9916f75014e611690382a0e5a33eefa	ftp.sra.ebi.ac.uk/vol1/fastq/SRR299/054/SRR29909254/SRR29909254.fastq.gz	false	false	EXCLUDED	not WGS paired-end
SRR29909255	SAMN42721451	SRS22067126	PRJNA1138464	SRP521244	SRX25404589	Vigna angularis	WGS	PAIRED	GENOMIC	size fractionation	ILLUMINA	Illumina HiSeq X	29580768	8874230400	2362008952;2668580768	7b2a4fe0433926d11611d3f8b6e8f0cd;3b8649885722bba0b9170f1694595955	ftp.sra.ebi.ac.uk/vol1/fastq/SRR299/055/SRR29909255/SRR29909255_1.fastq.gz;ftp.sra.ebi.ac.uk/vol1/fastq/SRR299/055/SRR29909255/SRR29909255_2.fastq.gz	false	false	EXCLUDED	outside frozen51 cohort
SRR29909256	SAMN42721450	SRS22067125	PRJNA1138464	SRP521244	SRX25404588	Vigna angularis	RAD-Seq	SINGLE	GENOMIC	Restriction Digest	ILLUMINA	Illumina HiSeq 2500	2399007	199117581	93329220	6deade31525b6f67d085ea359eaf8da6	ftp.sra.ebi.ac.uk/vol1/fastq/SRR299/056/SRR29909256/SRR29909256.fastq.gz	false	false	EXCLUDED	not WGS paired-end
SRR29909257	SAMN42721449	SRS22067124	PRJNA1138464	SRP521244	SRX25404587	Vigna angularis	RAD-Seq	SINGLE	GENOMIC	Restriction Digest	ILLUMINA	Illumina HiSeq 2500	2544326	211179058	99204054	39afb79b70b383a74df262518a7a7787	ftp.sra.ebi.ac.uk/vol1/fastq/SRR299/057/SRR29909257/SRR29909257.fastq.gz	false	false	EXCLUDED	not WGS paired-end
SRR29909258	SAMN42721448	SRS22067123	PRJNA1138464	SRP521244	SRX25404586	Vigna angularis	WGS	PAIRED	GENOMIC	size fractionation	ILLUMINA	Illumina HiSeq X	31404106	9421231800	2509317418;2946855193	1039ebb9826445c28379325c00ce55c0;20dc9f492e28fe1772b0a3e5ba646043	ftp.sra.ebi.ac.uk/vol1/fastq/SRR299/058/SRR29909258/SRR29909258_1.fastq.gz;ftp.sra.ebi.ac.uk/vol1/fastq/SRR299/058/SRR29909258/SRR29909258_2.fastq.gz	false	false	EXCLUDED	outside frozen51 cohort
SRR29909259	SAMN42720953	SRS22067122	PRJNA1138464	SRP521244	SRX25404585	Vigna angularis	WGS	PAIRED	GENOMIC	size fractionation	ILLUMINA	Illumina HiSeq X	28557115	8567134500	2289355347;2778110647	fac647a84eae4ae78f89d5bf7120fec5;53740dd5de895c07c8bb007ff08222ec	ftp.sra.ebi.ac.uk/vol1/fastq/SRR299/059/SRR29909259/SRR29909259_1.fastq.gz;ftp.sra.ebi.ac.uk/vol1/fastq/SRR299/059/SRR29909259/SRR29909259_2.fastq.gz	false	false	EXCLUDED	outside frozen51 cohort
SRR29909260	SAMN42721447	SRS22067121	PRJNA1138464	SRP521244	SRX25404584	Vigna angularis	RAD-Seq	SINGLE	GENOMIC	Restriction Digest	ILLUMINA	Illumina HiSeq 2500	2155958	178944514	81700629	815f326d29fe141023a1efdb4d94eba6	ftp.sra.ebi.ac.uk/vol1/fastq/SRR299/060/SRR29909260/SRR29909260.fastq.gz	false	false	EXCLUDED	not WGS paired-end
SRR29909261	SAMN42721446	SRS22067119	PRJNA1138464	SRP521244	SRX25404583	Vigna angularis	WGS	PAIRED	GENOMIC	size fractionation	ILLUMINA	Illumina HiSeq X	21897930	6569379000	1780812917;2149279544	071da15148e3d5905ee34aed1f611df3;54e483ef2f67acb51ef005bfa191ae61	ftp.sra.ebi.ac.uk/vol1/fastq/SRR299/061/SRR29909261/SRR29909261_1.fastq.gz;ftp.sra.ebi.ac.uk/vol1/fastq/SRR299/061/SRR29909261/SRR29909261_2.fastq.gz	false	false	EXCLUDED	outside frozen51 cohort
SRR29909262	SAMN42721445	SRS22067120	PRJNA1138464	SRP521244	SRX25404582	Vigna angularis	RAD-Seq	SINGLE	GENOMIC	Restriction Digest	ILLUMINA	Illumina HiSeq 2500	2319595	192526385	89671953	9f336aaaa326f4e069eef14cdfeb6d11	ftp.sra.ebi.ac.uk/vol1/fastq/SRR299/062/SRR29909262/SRR29909262.fastq.gz	false	false	EXCLUDED	not WGS paired-end
SRR29909263	SAMN42721444	SRS22067118	PRJNA1138464	SRP521244	SRX25404581	Vigna angularis	RAD-Seq	SINGLE	GENOMIC	Restriction Digest	ILLUMINA	Illumina HiSeq 2500	2348783	194948989	90701066	6fcdb6dca921b0342cfd9a354cb55d35	ftp.sra.ebi.ac.uk/vol1/fastq/SRR299/063/SRR29909263/SRR29909263.fastq.gz	false	false	EXCLUDED	not WGS paired-end
SRR29909264	SAMN42721443	SRS22067117	PRJNA1138464	SRP521244	SRX25404580	Vigna angularis	WGS	PAIRED	GENOMIC	size fractionation	ILLUMINA	Illumina HiSeq X	32540493	9762147900	2596399717;2957890613	b76c5d6ae08b932de0a3760676ee7312;7356d6e06daa1939f2d0ff734b50a996	ftp.sra.ebi.ac.uk/vol1/fastq/SRR299/064/SRR29909264/SRR29909264_1.fastq.gz;ftp.sra.ebi.ac.uk/vol1/fastq/SRR299/064/SRR29909264/SRR29909264_2.fastq.gz	false	false	EXCLUDED	outside frozen51 cohort
SRR29909265	SAMN42721442	SRS22067116	PRJNA1138464	SRP521244	SRX25404579	Vigna angularis	WGS	PAIRED	GENOMIC	size fractionation	ILLUMINA	Illumina HiSeq X	30558798	9167639400	2471616449;2911583965	544a64017d7c7c3c7f7851e4ed1d10d1;138f8af9d6c2f60348a15d8a287cd40e	ftp.sra.ebi.ac.uk/vol1/fastq/SRR299/065/SRR29909265/SRR29909265_1.fastq.gz;ftp.sra.ebi.ac.uk/vol1/fastq/SRR299/065/SRR29909265/SRR29909265_2.fastq.gz	false	false	EXCLUDED	outside frozen51 cohort
SRR29909266	SAMN42721441	SRS22067115	PRJNA1138464	SRP521244	SRX25404578	Vigna angularis	RAD-Seq	SINGLE	GENOMIC	Restriction Digest	ILLUMINA	Illumina HiSeq 2500	2100338	174328054	81391005	9512021eaaca3687ea96d3ad87540f72	ftp.sra.ebi.ac.uk/vol1/fastq/SRR299/066/SRR29909266/SRR29909266.fastq.gz	false	false	EXCLUDED	not WGS paired-end
SRR29909267	SAMN42721440	SRS22067113	PRJNA1138464	SRP521244	SRX25404577	Vigna angularis	WGS	PAIRED	GENOMIC	size fractionation	ILLUMINA	Illumina HiSeq X	24411541	7323462300	1976970034;2400124631	0252c2c8f01d961e735e9e516a706639;0b077e7850f8687d48a3b1eb2b5f7865	ftp.sra.ebi.ac.uk/vol1/fastq/SRR299/067/SRR29909267/SRR29909267_1.fastq.gz;ftp.sra.ebi.ac.uk/vol1/fastq/SRR299/067/SRR29909267/SRR29909267_2.fastq.gz	false	false	EXCLUDED	outside frozen51 cohort
SRR29909268	SAMN42721439	SRS22067114	PRJNA1138464	SRP521244	SRX25404576	Vigna angularis	RAD-Seq	SINGLE	GENOMIC	Restriction Digest	ILLUMINA	Illumina HiSeq 2500	2214156	183774948	85297846	a88610521204ea1ae925c69ce0ac7f2c	ftp.sra.ebi.ac.uk/vol1/fastq/SRR299/068/SRR29909268/SRR29909268.fastq.gz	false	false	EXCLUDED	not WGS paired-end
SRR29909269	SAMN42721438	SRS22067112	PRJNA1138464	SRP521244	SRX25404575	Vigna angularis	WGS	PAIRED	GENOMIC	size fractionation	ILLUMINA	Illumina HiSeq X	22199152	6659745600	2002391795;2083797063	26d4100256b6a24475d5b4fb4ed19644;10fda5a25097eabbdb8f06f50169fe82	ftp.sra.ebi.ac.uk/vol1/fastq/SRR299/069/SRR29909269/SRR29909269_1.fastq.gz;ftp.sra.ebi.ac.uk/vol1/fastq/SRR299/069/SRR29909269/SRR29909269_2.fastq.gz	false	false	EXCLUDED	outside frozen51 cohort
SRR29909270	SAMN42720952	SRS22067111	PRJNA1138464	SRP521244	SRX25404574	Vigna angularis	WGS	PAIRED	GENOMIC	size fractionation	ILLUMINA	Illumina HiSeq X	26996497	8098949100	2138214631;2499076777	4cc1abe2608669a5025f5eb993490bad;a94663268ed85b0aad72a97efdf9667e	ftp.sra.ebi.ac.uk/vol1/fastq/SRR299/070/SRR29909270/SRR29909270_1.fastq.gz;ftp.sra.ebi.ac.uk/vol1/fastq/SRR299/070/SRR29909270/SRR29909270_2.fastq.gz	false	false	EXCLUDED	outside frozen51 cohort
SRR29909271	SAMN42721437	SRS22067110	PRJNA1138464	SRP521244	SRX25404573	Vigna angularis	RAD-Seq	SINGLE	GENOMIC	Restriction Digest	ILLUMINA	Illumina HiSeq 2500	2014460	167200180	79984284	e752e4b52a30ee97abf4720c1d01b7f3	ftp.sra.ebi.ac.uk/vol1/fastq/SRR299/071/SRR29909271/SRR29909271.fastq.gz	false	false	EXCLUDED	not WGS paired-end
SRR29909272	SAMN42721436	SRS22067109	PRJNA1138464	SRP521244	SRX25404572	Vigna angularis	RAD-Seq	SINGLE	GENOMIC	Restriction Digest	ILLUMINA	Illumina HiSeq 2500	2338112	194063296	91626479	c09675c6dc17fa4b15b06032197b695b	ftp.sra.ebi.ac.uk/vol1/fastq/SRR299/072/SRR29909272/SRR29909272.fastq.gz	false	false	EXCLUDED	not WGS paired-end
SRR29909273	SAMN42721435	SRS22067108	PRJNA1138464	SRP521244	SRX25404571	Vigna angularis	RAD-Seq	SINGLE	GENOMIC	Restriction Digest	ILLUMINA	Illumina HiSeq 2500	2316197	192244351	89609233	062272540326adca3acf291b208eba53	ftp.sra.ebi.ac.uk/vol1/fastq/SRR299/073/SRR29909273/SRR29909273.fastq.gz	false	false	EXCLUDED	not WGS paired-end
SRR29909274	SAMN42721434	SRS22067107	PRJNA1138464	SRP521244	SRX25404570	Vigna angularis	RAD-Seq	SINGLE	GENOMIC	Restriction Digest	ILLUMINA	Illumina HiSeq 2500	2421925	201019775	94329606	b094dc203ffa0f4e9b59b8b9c2cd6069	ftp.sra.ebi.ac.uk/vol1/fastq/SRR299/074/SRR29909274/SRR29909274.fastq.gz	false	false	EXCLUDED	not WGS paired-end
SRR29909275	SAMN42721433	SRS22067106	PRJNA1138464	SRP521244	SRX25404569	Vigna angularis	RAD-Seq	SINGLE	GENOMIC	Restriction Digest	ILLUMINA	Illumina HiSeq 2500	2569218	213245094	99904105	74a4c2ea672694b25387acca5d0ea626	ftp.sra.ebi.ac.uk/vol1/fastq/SRR299/075/SRR29909275/SRR29909275.fastq.gz	false	false	EXCLUDED	not WGS paired-end
SRR29909276	SAMN42721432	SRS22067104	PRJNA1138464	SRP521244	SRX25404568	Vigna angularis	RAD-Seq	SINGLE	GENOMIC	Restriction Digest	ILLUMINA	Illumina HiSeq 2500	2258062	187419146	86825312	1385ab1d6b04ed9f1969258eb8e9f4fe	ftp.sra.ebi.ac.uk/vol1/fastq/SRR299/076/SRR29909276/SRR29909276.fastq.gz	false	false	EXCLUDED	not WGS paired-end
SRR29909277	SAMN42721431	SRS22067105	PRJNA1138464	SRP521244	SRX25404567	Vigna angularis	RAD-Seq	SINGLE	GENOMIC	Restriction Digest	ILLUMINA	Illumina HiSeq 2500	2529635	209959705	99768221	3856a5c81d88d72a6e2ae95a615b8d0b	ftp.sra.ebi.ac.uk/vol1/fastq/SRR299/077/SRR29909277/SRR29909277.fastq.gz	false	false	EXCLUDED	not WGS paired-end
SRR29909278	SAMN42721430	SRS22067103	PRJNA1138464	SRP521244	SRX25404566	Vigna angularis	RAD-Seq	SINGLE	GENOMIC	Restriction Digest	ILLUMINA	Illumina HiSeq 2500	2430465	201728595	94911739	90d7bd3dfdadfa34f2ab6a6668ac4617	ftp.sra.ebi.ac.uk/vol1/fastq/SRR299/078/SRR29909278/SRR29909278.fastq.gz	false	false	EXCLUDED	not WGS paired-end
SRR29909279	SAMN42721429	SRS22067100	PRJNA1138464	SRP521244	SRX25404565	Vigna angularis	RAD-Seq	SINGLE	GENOMIC	Restriction Digest	ILLUMINA	Illumina HiSeq 2500	2710696	224987768	107385215	3c6ebf3bc5880a12f95d8c27610497f1	ftp.sra.ebi.ac.uk/vol1/fastq/SRR299/079/SRR29909279/SRR29909279.fastq.gz	false	false	EXCLUDED	not WGS paired-end
SRR29909280	SAMN42721428	SRS22067102	PRJNA1138464	SRP521244	SRX25404564	Vigna angularis	RAD-Seq	SINGLE	GENOMIC	Restriction Digest	ILLUMINA	Illumina HiSeq 2500	2691951	223431933	105230338	15dea277c374e7bfeeaf7f82004b2a81	ftp.sra.ebi.ac.uk/vol1/fastq/SRR299/080/SRR29909280/SRR29909280.fastq.gz	false	false	EXCLUDED	not WGS paired-end
SRR29909281	SAMN42721398	SRS22067101	PRJNA1138464	SRP521244	SRX25404563	Vigna angularis	RAD-Seq	SINGLE	GENOMIC	Restriction Digest	ILLUMINA	Illumina HiSeq 2500	2760809	229147147	107637505	8c49eb703066bd9feca67ab1604694c4	ftp.sra.ebi.ac.uk/vol1/fastq/SRR299/081/SRR29909281/SRR29909281.fastq.gz	false	false	EXCLUDED	not WGS paired-end
SRR29909282	SAMN42720948	SRS22067099	PRJNA1138464	SRP521244	SRX25404562	Vigna angularis	RAD-Seq	SINGLE	GENOMIC	Restriction Digest	ILLUMINA	Illumina HiSeq 2500	2724190	226107770	105492812	32c0dffd9db2809930738633518aacf4	ftp.sra.ebi.ac.uk/vol1/fastq/SRR299/082/SRR29909282/SRR29909282.fastq.gz	false	false	EXCLUDED	not WGS paired-end
SRR29909283	SAMN42720903	SRS22067098	PRJNA1138464	SRP521244	SRX25404561	Vigna angularis	WGS	PAIRED	GENOMIC	size fractionation	ILLUMINA	Illumina HiSeq X	25895722	7768716600	2046577346;2298583490	36c4ff7ea03243d9e20b629d0a1cad70;8d73f4a6e41107677e7e2bac80703dc6	ftp.sra.ebi.ac.uk/vol1/fastq/SRR299/083/SRR29909283/SRR29909283_1.fastq.gz;ftp.sra.ebi.ac.uk/vol1/fastq/SRR299/083/SRR29909283/SRR29909283_2.fastq.gz	false	false	EXCLUDED	outside frozen51 cohort
SRR29909284	SAMN42721397	SRS22067095	PRJNA1138464	SRP521244	SRX25404560	Vigna angularis	RAD-Seq	SINGLE	GENOMIC	Restriction Digest	ILLUMINA	Illumina HiSeq 2500	2581037	214226071	98958213	1d98bb29c92bcfdbac5ebb1f73a27c1f	ftp.sra.ebi.ac.uk/vol1/fastq/SRR299/084/SRR29909284/SRR29909284.fastq.gz	false	false	EXCLUDED	not WGS paired-end
SRR29909285	SAMN42721396	SRS22067097	PRJNA1138464	SRP521244	SRX25404559	Vigna angularis	RAD-Seq	SINGLE	GENOMIC	Restriction Digest	ILLUMINA	Illumina HiSeq 2500	2759532	229041156	107065174	c5a389e4a95c2b863de0180a18f2cafe	ftp.sra.ebi.ac.uk/vol1/fastq/SRR299/085/SRR29909285/SRR29909285.fastq.gz	false	false	EXCLUDED	not WGS paired-end
SRR29909286	SAMN42721395	SRS22067096	PRJNA1138464	SRP521244	SRX25404558	Vigna angularis	RAD-Seq	SINGLE	GENOMIC	Restriction Digest	ILLUMINA	Illumina HiSeq 2500	2797198	232167434	109491545	0fc720c0d3718caa67f3add7821b0677	ftp.sra.ebi.ac.uk/vol1/fastq/SRR299/086/SRR29909286/SRR29909286.fastq.gz	false	false	EXCLUDED	not WGS paired-end
SRR29909287	SAMN42721394	SRS22067094	PRJNA1138464	SRP521244	SRX25404557	Vigna angularis	RAD-Seq	SINGLE	GENOMIC	Restriction Digest	ILLUMINA	Illumina HiSeq 2500	2579181	214072023	102462411	04f8f5bd36d49f3c7b851c4b5393b31a	ftp.sra.ebi.ac.uk/vol1/fastq/SRR299/087/SRR29909287/SRR29909287.fastq.gz	false	false	EXCLUDED	not WGS paired-end
SRR29909288	SAMN42721393	SRS22067093	PRJNA1138464	SRP521244	SRX25404556	Vigna angularis	RAD-Seq	SINGLE	GENOMIC	Restriction Digest	ILLUMINA	Illumina HiSeq 2500	2541419	210937777	100484811	52aedfecfb3a40a95641c86fe179761e	ftp.sra.ebi.ac.uk/vol1/fastq/SRR299/088/SRR29909288/SRR29909288.fastq.gz	false	false	EXCLUDED	not WGS paired-end
SRR29909289	SAMN42721392	SRS22067091	PRJNA1138464	SRP521244	SRX25404555	Vigna angularis	RAD-Seq	SINGLE	GENOMIC	Restriction Digest	ILLUMINA	Illumina HiSeq 2500	2522676	209382108	101378840	f4f7abcce92793da3608fcce1f470d28	ftp.sra.ebi.ac.uk/vol1/fastq/SRR299/089/SRR29909289/SRR29909289.fastq.gz	false	false	EXCLUDED	not WGS paired-end
SRR29909290	SAMN42721391	SRS22067092	PRJNA1138464	SRP521244	SRX25404554	Vigna angularis	WGS	PAIRED	GENOMIC	size fractionation	ILLUMINA	Illumina HiSeq X	33425838	10027751400	2700749753;3132527592	0e5a9f3fb83de609481deba8efe7cab5;c237f6b359ca615d367bfc4db411a01a	ftp.sra.ebi.ac.uk/vol1/fastq/SRR299/090/SRR29909290/SRR29909290_1.fastq.gz;ftp.sra.ebi.ac.uk/vol1/fastq/SRR299/090/SRR29909290/SRR29909290_2.fastq.gz	false	false	EXCLUDED	outside frozen51 cohort
SRR29909291	SAMN42721390	SRS22067090	PRJNA1138464	SRP521244	SRX25404553	Vigna angularis	RAD-Seq	SINGLE	GENOMIC	Restriction Digest	ILLUMINA	Illumina HiSeq 2500	2788606	231454298	107318715	dd21a7fd6607bbc60aeecd767a4e871b	ftp.sra.ebi.ac.uk/vol1/fastq/SRR299/091/SRR29909291/SRR29909291.fastq.gz	false	false	EXCLUDED	not WGS paired-end
SRR29909292	SAMN42721389	SRS22067088	PRJNA1138464	SRP521244	SRX25404552	Vigna angularis	RAD-Seq	SINGLE	GENOMIC	Restriction Digest	ILLUMINA	Illumina HiSeq 2500	2717616	225562128	106623043	ea006d6bf22093028d36f4903779ac1e	ftp.sra.ebi.ac.uk/vol1/fastq/SRR299/092/SRR29909292/SRR29909292.fastq.gz	false	false	EXCLUDED	not WGS paired-end
SRR29909293	SAMN42721388	SRS22067087	PRJNA1138464	SRP521244	SRX25404551	Vigna angularis	WGS	PAIRED	GENOMIC	size fractionation	ILLUMINA	Illumina HiSeq X	19473880	5842164000	1750736013;1803024847	361a25a50db352c7aeaaf39bdf52f47c;b20768256a26796bf5c38797381bed3c	ftp.sra.ebi.ac.uk/vol1/fastq/SRR299/093/SRR29909293/SRR29909293_1.fastq.gz;ftp.sra.ebi.ac.uk/vol1/fastq/SRR299/093/SRR29909293/SRR29909293_2.fastq.gz	false	false	EXCLUDED	outside frozen51 cohort
SRR29909294	SAMN42720947	SRS22067089	PRJNA1138464	SRP521244	SRX25404550	Vigna angularis	WGS	PAIRED	GENOMIC	size fractionation	ILLUMINA	Illumina HiSeq X	24504251	7351275300	1987563852;2192734383	20dd0de5cfd80b2d7ff4824ed0c7c3bb;f4b64788e267efabda5237eb1392c8d4	ftp.sra.ebi.ac.uk/vol1/fastq/SRR299/094/SRR29909294/SRR29909294_1.fastq.gz;ftp.sra.ebi.ac.uk/vol1/fastq/SRR299/094/SRR29909294/SRR29909294_2.fastq.gz	false	false	EXCLUDED	outside frozen51 cohort
SRR29909295	SAMN42721387	SRS22067086	PRJNA1138464	SRP521244	SRX25404549	Vigna angularis	RAD-Seq	SINGLE	GENOMIC	Restriction Digest	ILLUMINA	Illumina HiSeq 2500	2927875	243013625	111415497	5e94c54a942d80027ca601971869d73b	ftp.sra.ebi.ac.uk/vol1/fastq/SRR299/095/SRR29909295/SRR29909295.fastq.gz	false	false	EXCLUDED	not WGS paired-end
SRR29909296	SAMN42721386	SRS22067085	PRJNA1138464	SRP521244	SRX25404548	Vigna angularis	RAD-Seq	SINGLE	GENOMIC	Restriction Digest	ILLUMINA	Illumina HiSeq 2500	2698285	223957655	105031352	e1b24b6899279d94abf644c0ec01ae6d	ftp.sra.ebi.ac.uk/vol1/fastq/SRR299/096/SRR29909296/SRR29909296.fastq.gz	false	false	EXCLUDED	not WGS paired-end
SRR29909297	SAMN42721385	SRS22067084	PRJNA1138464	SRP521244	SRX25404547	Vigna angularis	WGS	PAIRED	GENOMIC	size fractionation	ILLUMINA	Illumina HiSeq X	22346008	6703802400	2022669391;2111087420	7b6bedf5977711b73610c275a8d67543;be6e878e037a38a9de9a97fa8c1fb051	ftp.sra.ebi.ac.uk/vol1/fastq/SRR299/097/SRR29909297/SRR29909297_1.fastq.gz;ftp.sra.ebi.ac.uk/vol1/fastq/SRR299/097/SRR29909297/SRR29909297_2.fastq.gz	false	false	EXCLUDED	outside frozen51 cohort
SRR29909298	SAMN42721384	SRS22067081	PRJNA1138464	SRP521244	SRX25404546	Vigna angularis	WGS	PAIRED	GENOMIC	size fractionation	ILLUMINA	Illumina HiSeq X	20658378	6197513400	1876485212;2041119965	3e8c3b0e1a2538d14c7ab6115b743e9e;e2a122e7100d6a082536085a5b7acae9	ftp.sra.ebi.ac.uk/vol1/fastq/SRR299/098/SRR29909298/SRR29909298_1.fastq.gz;ftp.sra.ebi.ac.uk/vol1/fastq/SRR299/098/SRR29909298/SRR29909298_2.fastq.gz	false	false	EXCLUDED	outside frozen51 cohort
SRR29909299	SAMN42721383	SRS22067083	PRJNA1138464	SRP521244	SRX25404545	Vigna angularis	WGS	PAIRED	GENOMIC	size fractionation	ILLUMINA	Illumina HiSeq X	27128126	8138437800	2442131532;2518017859	9a9d0f4f3dab8363af0965f96d77bc90;ada073f6f83fcec013168ab1042f8b0a	ftp.sra.ebi.ac.uk/vol1/fastq/SRR299/099/SRR29909299/SRR29909299_1.fastq.gz;ftp.sra.ebi.ac.uk/vol1/fastq/SRR299/099/SRR29909299/SRR29909299_2.fastq.gz	false	false	EXCLUDED	outside frozen51 cohort
SRR29909300	SAMN42721382	SRS22067082	PRJNA1138464	SRP521244	SRX25404544	Vigna angularis	RAD-Seq	SINGLE	GENOMIC	Restriction Digest	ILLUMINA	Illumina HiSeq 2500	2630318	218316394	102057706	072f8f2f452499be707f58bd09ec487b	ftp.sra.ebi.ac.uk/vol1/fastq/SRR299/000/SRR29909300/SRR29909300.fastq.gz	false	false	EXCLUDED	not WGS paired-end
SRR29909301	SAMN42721381	SRS22067080	PRJNA1138464	SRP521244	SRX25404543	Vigna angularis	WGS	PAIRED	GENOMIC	size fractionation	ILLUMINA	Illumina HiSeq X	30133879	9040163700	2459667663;2932886565	69c021a678c46d02a2d8cf5e681a44fe;b2f1e8dd83ebfde88432737d71fa84c2	ftp.sra.ebi.ac.uk/vol1/fastq/SRR299/001/SRR29909301/SRR29909301_1.fastq.gz;ftp.sra.ebi.ac.uk/vol1/fastq/SRR299/001/SRR29909301/SRR29909301_2.fastq.gz	false	false	EXCLUDED	outside frozen51 cohort
SRR29909302	SAMN42721380	SRS22067079	PRJNA1138464	SRP521244	SRX25404542	Vigna angularis	RAD-Seq	SINGLE	GENOMIC	Restriction Digest	ILLUMINA	Illumina HiSeq 2500	2567790	213126570	99727384	e1041570a4a6e4bb96948ccbf65d3910	ftp.sra.ebi.ac.uk/vol1/fastq/SRR299/002/SRR29909302/SRR29909302.fastq.gz	false	false	EXCLUDED	not WGS paired-end
SRR29909303	SAMN42721379	SRS22067078	PRJNA1138464	SRP521244	SRX25404541	Vigna angularis	RAD-Seq	SINGLE	GENOMIC	Restriction Digest	ILLUMINA	Illumina HiSeq 2500	2684610	222822630	105984916	90daee1fd73a746ae35cf70723736f1d	ftp.sra.ebi.ac.uk/vol1/fastq/SRR299/003/SRR29909303/SRR29909303.fastq.gz	false	false	EXCLUDED	not WGS paired-end
SRR29909304	SAMN42721378	SRS22067076	PRJNA1138464	SRP521244	SRX25404540	Vigna angularis	WGS	PAIRED	GENOMIC	size fractionation	ILLUMINA	Illumina HiSeq X	20436000	6130800000	1843399243;1925803347	6e67e0a92fa0cb0567cd7ace2589f83e;ed987ae8e02e261fdb26d266281db4d9	ftp.sra.ebi.ac.uk/vol1/fastq/SRR299/004/SRR29909304/SRR29909304_1.fastq.gz;ftp.sra.ebi.ac.uk/vol1/fastq/SRR299/004/SRR29909304/SRR29909304_2.fastq.gz	false	false	EXCLUDED	outside frozen51 cohort
SRR29909305	SAMN42720946	SRS22067077	PRJNA1138464	SRP521244	SRX25404539	Vigna angularis	WGS	PAIRED	GENOMIC	size fractionation	ILLUMINA	Illumina HiSeq X	31739945	9521983500	2540252064;2877190704	b3ddad6a45ab7141e2c4e2ce470bd8f1;3e1f509bb177003ef88b57d3bd7b85b4	ftp.sra.ebi.ac.uk/vol1/fastq/SRR299/005/SRR29909305/SRR29909305_1.fastq.gz;ftp.sra.ebi.ac.uk/vol1/fastq/SRR299/005/SRR29909305/SRR29909305_2.fastq.gz	false	false	EXCLUDED	outside frozen51 cohort
SRR29909306	SAMN42721377	SRS22067075	PRJNA1138464	SRP521244	SRX25404538	Vigna angularis	WGS	PAIRED	GENOMIC	size fractionation	ILLUMINA	Illumina HiSeq X	23944172	7183251600	2154384510;2240182444	f9692f27f53b13782a5dbb0f0b94b2f9;1f4d7295450201cf358232ef012bd87b	ftp.sra.ebi.ac.uk/vol1/fastq/SRR299/006/SRR29909306/SRR29909306_1.fastq.gz;ftp.sra.ebi.ac.uk/vol1/fastq/SRR299/006/SRR29909306/SRR29909306_2.fastq.gz	false	false	EXCLUDED	outside frozen51 cohort
SRR29909307	SAMN42721376	SRS22067073	PRJNA1138464	SRP521244	SRX25404537	Vigna angularis	RAD-Seq	SINGLE	GENOMIC	Restriction Digest	ILLUMINA	Illumina HiSeq 2500	2663830	221097890	102253181	e86c76881dc22dc2b5f2594912e04c8a	ftp.sra.ebi.ac.uk/vol1/fastq/SRR299/007/SRR29909307/SRR29909307.fastq.gz	false	false	EXCLUDED	not WGS paired-end
SRR29909308	SAMN42721375	SRS22067074	PRJNA1138464	SRP521244	SRX25404536	Vigna angularis	RAD-Seq	SINGLE	GENOMIC	Restriction Digest	ILLUMINA	Illumina HiSeq 2500	2500491	207540753	97097881	1f61a90a4f440be39aef203a360e3afc	ftp.sra.ebi.ac.uk/vol1/fastq/SRR299/008/SRR29909308/SRR29909308.fastq.gz	false	false	EXCLUDED	not WGS paired-end
SRR29909309	SAMN42721374	SRS22067069	PRJNA1138464	SRP521244	SRX25404535	Vigna angularis	RAD-Seq	SINGLE	GENOMIC	Restriction Digest	ILLUMINA	Illumina HiSeq 2500	2873224	238477592	112217031	c5e28601938e983e074cc16e64220a3e	ftp.sra.ebi.ac.uk/vol1/fastq/SRR299/009/SRR29909309/SRR29909309.fastq.gz	false	false	EXCLUDED	not WGS paired-end
SRR29909310	SAMN42721373	SRS22067071	PRJNA1138464	SRP521244	SRX25404534	Vigna angularis	RAD-Seq	SINGLE	GENOMIC	Restriction Digest	ILLUMINA	Illumina HiSeq 2500	2629616	218258128	103123281	49939963740ab6054ad25d5535fec87f	ftp.sra.ebi.ac.uk/vol1/fastq/SRR299/010/SRR29909310/SRR29909310.fastq.gz	false	false	EXCLUDED	not WGS paired-end
SRR29909311	SAMN42721372	SRS22067072	PRJNA1138464	SRP521244	SRX25404533	Vigna angularis	RAD-Seq	SINGLE	GENOMIC	Restriction Digest	ILLUMINA	Illumina HiSeq 2500	2740789	227485487	106819934	c84df77130dd1b5bab45173d9618bbc8	ftp.sra.ebi.ac.uk/vol1/fastq/SRR299/011/SRR29909311/SRR29909311.fastq.gz	false	false	EXCLUDED	not WGS paired-end
SRR29909312	SAMN42721371	SRS22067070	PRJNA1138464	SRP521244	SRX25404532	Vigna angularis	RAD-Seq	SINGLE	GENOMIC	Restriction Digest	ILLUMINA	Illumina HiSeq 2500	2551320	211759560	98028821	685906633a8d8bed5ced37f68714f621	ftp.sra.ebi.ac.uk/vol1/fastq/SRR299/012/SRR29909312/SRR29909312.fastq.gz	false	false	EXCLUDED	not WGS paired-end
SRR29909313	SAMN42721312	SRS22067068	PRJNA1138464	SRP521244	SRX25404531	Vigna angularis	WGS	PAIRED	GENOMIC	size fractionation	ILLUMINA	Illumina HiSeq X	23587385	7076215500	2126458776;2195747390	f013b6b3d20b6742806410a6a1966071;23cf52530f205b9bbbf4a7f0cca3c48c	ftp.sra.ebi.ac.uk/vol1/fastq/SRR299/013/SRR29909313/SRR29909313_1.fastq.gz;ftp.sra.ebi.ac.uk/vol1/fastq/SRR299/013/SRR29909313/SRR29909313_2.fastq.gz	false	false	EXCLUDED	outside frozen51 cohort
SRR29909314	SAMN42721311	SRS22067066	PRJNA1138464	SRP521244	SRX25404530	Vigna angularis	WGS	PAIRED	GENOMIC	size fractionation	ILLUMINA	Illumina HiSeq X	23113904	6934171200	1843122211;2047588385	6317c6a085c220bcd59877fc48013243;6fe7435fc5024d45697d795e6b14ebab	ftp.sra.ebi.ac.uk/vol1/fastq/SRR299/014/SRR29909314/SRR29909314_1.fastq.gz;ftp.sra.ebi.ac.uk/vol1/fastq/SRR299/014/SRR29909314/SRR29909314_2.fastq.gz	false	false	EXCLUDED	outside frozen51 cohort
SRR29909315	SAMN42721310	SRS22067067	PRJNA1138464	SRP521244	SRX25404529	Vigna angularis	WGS	PAIRED	GENOMIC	size fractionation	ILLUMINA	Illumina HiSeq X	19713543	5914062900	1793170772;1904274026	143da2ae1ab23ab06487ba62ec916b0b;bb01d789809d66d246c492ede81b3f9a	ftp.sra.ebi.ac.uk/vol1/fastq/SRR299/015/SRR29909315/SRR29909315_1.fastq.gz;ftp.sra.ebi.ac.uk/vol1/fastq/SRR299/015/SRR29909315/SRR29909315_2.fastq.gz	false	false	EXCLUDED	outside frozen51 cohort
SRR29909316	SAMN42721309	SRS22067064	PRJNA1138464	SRP521244	SRX25404528	Vigna angularis	RAD-Seq	SINGLE	GENOMIC	Restriction Digest	ILLUMINA	Illumina HiSeq 2500	2405880	199688040	92541911	a53caa08379d3abc77747c0d300cadc0	ftp.sra.ebi.ac.uk/vol1/fastq/SRR299/016/SRR29909316/SRR29909316.fastq.gz	false	false	EXCLUDED	not WGS paired-end
SRR29909317	SAMN42721308	SRS22067065	PRJNA1138464	SRP521244	SRX25404527	Vigna angularis	RAD-Seq	SINGLE	GENOMIC	Restriction Digest	ILLUMINA	Illumina HiSeq 2500	2484251	206192833	95901125	55c18d62ffa08e6b62c6292864e45b6d	ftp.sra.ebi.ac.uk/vol1/fastq/SRR299/017/SRR29909317/SRR29909317.fastq.gz	false	false	EXCLUDED	not WGS paired-end
SRR29909318	SAMN42720939	SRS22067063	PRJNA1138464	SRP521244	SRX25404526	Vigna angularis	RAD-Seq	SINGLE	GENOMIC	Restriction Digest	ILLUMINA	Illumina HiSeq 2500	2786001	231238083	108220728	5aa69cfb89ab4a0954555e471cc087bc	ftp.sra.ebi.ac.uk/vol1/fastq/SRR299/018/SRR29909318/SRR29909318.fastq.gz	false	false	EXCLUDED	not WGS paired-end
SRR29909319	SAMN42721307	SRS22067062	PRJNA1138464	SRP521244	SRX25404525	Vigna angularis	RAD-Seq	SINGLE	GENOMIC	Restriction Digest	ILLUMINA	Illumina HiSeq 2500	2416275	200550825	91973484	90f2dd4d1cac819a915ec09cf94aadc5	ftp.sra.ebi.ac.uk/vol1/fastq/SRR299/019/SRR29909319/SRR29909319.fastq.gz	false	false	EXCLUDED	not WGS paired-end
SRR29909320	SAMN42721306	SRS22067061	PRJNA1138464	SRP521244	SRX25404524	Vigna angularis	RAD-Seq	SINGLE	GENOMIC	Restriction Digest	ILLUMINA	Illumina HiSeq 2500	2582688	214363104	102388127	5cca203043f7e394374fc5f556c68ffc	ftp.sra.ebi.ac.uk/vol1/fastq/SRR299/020/SRR29909320/SRR29909320.fastq.gz	false	false	EXCLUDED	not WGS paired-end
SRR29909321	SAMN42721305	SRS22067060	PRJNA1138464	SRP521244	SRX25404523	Vigna angularis	RAD-Seq	SINGLE	GENOMIC	Restriction Digest	ILLUMINA	Illumina HiSeq 2500	2334409	193755947	90187732	e20334c4314826969f0d48762a4fb627	ftp.sra.ebi.ac.uk/vol1/fastq/SRR299/021/SRR29909321/SRR29909321.fastq.gz	false	false	EXCLUDED	not WGS paired-end
SRR29909322	SAMN42721304	SRS22067059	PRJNA1138464	SRP521244	SRX25404522	Vigna angularis	RAD-Seq	SINGLE	GENOMIC	Restriction Digest	ILLUMINA	Illumina HiSeq 2500	2174494	180483002	85719949	12070790dea23d4cd1876a5901fe6c88	ftp.sra.ebi.ac.uk/vol1/fastq/SRR299/022/SRR29909322/SRR29909322.fastq.gz	false	false	EXCLUDED	not WGS paired-end
SRR29909323	SAMN42721303	SRS22067058	PRJNA1138464	SRP521244	SRX25404521	Vigna angularis	WGS	PAIRED	GENOMIC	size fractionation	ILLUMINA	Illumina HiSeq X	30869289	9260786700	2410109604;2639892429	a536b9265895a16d74319f46973cd3f3;fa50c52d66a33f4b0c30afcbde0f29b2	ftp.sra.ebi.ac.uk/vol1/fastq/SRR299/023/SRR29909323/SRR29909323_1.fastq.gz;ftp.sra.ebi.ac.uk/vol1/fastq/SRR299/023/SRR29909323/SRR29909323_2.fastq.gz	false	false	EXCLUDED	outside frozen51 cohort
SRR29909324	SAMN42721302	SRS22067057	PRJNA1138464	SRP521244	SRX25404520	Vigna angularis	RAD-Seq	SINGLE	GENOMIC	Restriction Digest	ILLUMINA	Illumina HiSeq 2500	2277705	189049515	89044030	b6572bd747d2b4a1e41ef11b6e4d29ca	ftp.sra.ebi.ac.uk/vol1/fastq/SRR299/024/SRR29909324/SRR29909324.fastq.gz	false	false	EXCLUDED	not WGS paired-end
SRR29909325	SAMN42721301	SRS22067055	PRJNA1138464	SRP521244	SRX25404519	Vigna angularis	WGS	PAIRED	GENOMIC	size fractionation	ILLUMINA	Illumina HiSeq X	28450446	8535133800	2334994422;2578295828	b57a3c95b2b15d925ae419c6e1e74bcc;03e55d01e17340235a2210008a2edd3b	ftp.sra.ebi.ac.uk/vol1/fastq/SRR299/025/SRR29909325/SRR29909325_1.fastq.gz;ftp.sra.ebi.ac.uk/vol1/fastq/SRR299/025/SRR29909325/SRR29909325_2.fastq.gz	false	false	EXCLUDED	outside frozen51 cohort
SRR29909326	SAMN42721300	SRS22067054	PRJNA1138464	SRP521244	SRX25404518	Vigna angularis	WGS	PAIRED	GENOMIC	size fractionation	ILLUMINA	Illumina HiSeq X	23586403	7075920900	1955521259;2273156241	3636f536d85ea8869adb3787d4713d13;a00a85ddb05199e8a579ce9cf0ff9e86	ftp.sra.ebi.ac.uk/vol1/fastq/SRR299/026/SRR29909326/SRR29909326_1.fastq.gz;ftp.sra.ebi.ac.uk/vol1/fastq/SRR299/026/SRR29909326/SRR29909326_2.fastq.gz	false	false	EXCLUDED	outside frozen51 cohort
SRR29909327	SAMN42721299	SRS22067056	PRJNA1138464	SRP521244	SRX25404517	Vigna angularis	RAD-Seq	SINGLE	GENOMIC	Restriction Digest	ILLUMINA	Illumina HiSeq 2500	2195121	182195043	85579204	72087cf853c3f263722a60cae887e16a	ftp.sra.ebi.ac.uk/vol1/fastq/SRR299/027/SRR29909327/SRR29909327.fastq.gz	false	false	EXCLUDED	not WGS paired-end
SRR29909328	SAMN42721298	SRS22067053	PRJNA1138464	SRP521244	SRX25404516	Vigna angularis	RAD-Seq	SINGLE	GENOMIC	Restriction Digest	ILLUMINA	Illumina HiSeq 2500	2363433	196164939	91369356	da1e680faac223e6971e64dff2e38363	ftp.sra.ebi.ac.uk/vol1/fastq/SRR299/028/SRR29909328/SRR29909328.fastq.gz	false	false	EXCLUDED	not WGS paired-end
SRR29909329	SAMN42720938	SRS22067051	PRJNA1138464	SRP521244	SRX25404515	Vigna angularis	WGS	PAIRED	GENOMIC	size fractionation	ILLUMINA	Illumina HiSeq X	26258422	7877526600	2121184031;2402050991	e1c458857847c81f6c4bd5d0d33d2cf6;02de590c3fcf39df60dbb37afdae3a50	ftp.sra.ebi.ac.uk/vol1/fastq/SRR299/029/SRR29909329/SRR29909329_1.fastq.gz;ftp.sra.ebi.ac.uk/vol1/fastq/SRR299/029/SRR29909329/SRR29909329_2.fastq.gz	false	false	EXCLUDED	outside frozen51 cohort
SRR29909330	SAMN42720902	SRS22067052	PRJNA1138464	SRP521244	SRX25404514	Vigna angularis	WGS	PAIRED	GENOMIC	size fractionation	ILLUMINA	Illumina HiSeq X	19737735	5921320500	1562687452;1788707727	7100d371b5bff37b7128ecf26901a0bd;ebb2f7f2879b11b2877c3e4328475b5c	ftp.sra.ebi.ac.uk/vol1/fastq/SRR299/030/SRR29909330/SRR29909330_1.fastq.gz;ftp.sra.ebi.ac.uk/vol1/fastq/SRR299/030/SRR29909330/SRR29909330_2.fastq.gz	true	true	SELECTED	existing20 public cohort
SRR29909331	SAMN42721297	SRS22067049	PRJNA1138464	SRP521244	SRX25404513	Vigna angularis	RAD-Seq	SINGLE	GENOMIC	Restriction Digest	ILLUMINA	Illumina HiSeq 2500	2315156	192157948	89795473	8a0e5733363c96b2250d5d4aebe43350	ftp.sra.ebi.ac.uk/vol1/fastq/SRR299/031/SRR29909331/SRR29909331.fastq.gz	false	false	EXCLUDED	not WGS paired-end
SRR29909332	SAMN42721296	SRS22067050	PRJNA1138464	SRP521244	SRX25404512	Vigna angularis	RAD-Seq	SINGLE	GENOMIC	Restriction Digest	ILLUMINA	Illumina HiSeq 2500	2600348	215828884	100791951	a9f3a195a168002a7110f9a68838dd91	ftp.sra.ebi.ac.uk/vol1/fastq/SRR299/032/SRR29909332/SRR29909332.fastq.gz	false	false	EXCLUDED	not WGS paired-end
SRR29909333	SAMN42721295	SRS22067047	PRJNA1138464	SRP521244	SRX25404511	Vigna angularis	WGS	PAIRED	GENOMIC	size fractionation	ILLUMINA	Illumina HiSeq X	29260915	8778274500	2388976847;2614939748	b19de4599dbe380b332f2b5f1b72bc77;5394964e69e1ac94d04642ccb8338739	ftp.sra.ebi.ac.uk/vol1/fastq/SRR299/033/SRR29909333/SRR29909333_1.fastq.gz;ftp.sra.ebi.ac.uk/vol1/fastq/SRR299/033/SRR29909333/SRR29909333_2.fastq.gz	false	false	EXCLUDED	outside frozen51 cohort
SRR29909334	SAMN42721294	SRS22067048	PRJNA1138464	SRP521244	SRX25404510	Vigna angularis	WGS	PAIRED	GENOMIC	size fractionation	ILLUMINA	Illumina HiSeq X	24017760	7205328000	2019908367;2188201736	2d0ea25084390231cd69381fd802cab9;9a343c2891393a2a5d380ebe91ef4a57	ftp.sra.ebi.ac.uk/vol1/fastq/SRR299/034/SRR29909334/SRR29909334_1.fastq.gz;ftp.sra.ebi.ac.uk/vol1/fastq/SRR299/034/SRR29909334/SRR29909334_2.fastq.gz	false	false	EXCLUDED	outside frozen51 cohort
SRR29909335	SAMN42721293	SRS22067046	PRJNA1138464	SRP521244	SRX25404509	Vigna angularis	RAD-Seq	SINGLE	GENOMIC	Restriction Digest	ILLUMINA	Illumina HiSeq 2500	2293661	190373863	88092063	e54bfc0c288cb1ed7d2f7c964ab88180	ftp.sra.ebi.ac.uk/vol1/fastq/SRR299/035/SRR29909335/SRR29909335.fastq.gz	false	false	EXCLUDED	not WGS paired-end
SRR29909336	SAMN42721292	SRS22067044	PRJNA1138464	SRP521244	SRX25404508	Vigna angularis	RAD-Seq	SINGLE	GENOMIC	Restriction Digest	ILLUMINA	Illumina HiSeq 2500	2362514	196088662	92762160	7662f17bd03daccafb56b51b0dc4d32d	ftp.sra.ebi.ac.uk/vol1/fastq/SRR299/036/SRR29909336/SRR29909336.fastq.gz	false	false	EXCLUDED	not WGS paired-end
SRR29909337	SAMN42721291	SRS22067045	PRJNA1138464	SRP521244	SRX25404507	Vigna angularis	WGS	PAIRED	GENOMIC	size fractionation	ILLUMINA	Illumina HiSeq X	31810341	9543102300	2555583047;2845170326	a902f632173f99ea4d5ff5446326f8ec;9ad42e423a3390f04e8b3fd1e4c16118	ftp.sra.ebi.ac.uk/vol1/fastq/SRR299/037/SRR29909337/SRR29909337_1.fastq.gz;ftp.sra.ebi.ac.uk/vol1/fastq/SRR299/037/SRR29909337/SRR29909337_2.fastq.gz	false	false	EXCLUDED	outside frozen51 cohort
SRR29909338	SAMN42721290	SRS22067042	PRJNA1138464	SRP521244	SRX25404506	Vigna angularis	RAD-Seq	SINGLE	GENOMIC	Restriction Digest	ILLUMINA	Illumina HiSeq 2500	2574708	213700764	100539790	9c60dfc9c360f792997a5cfdf1f5fe89	ftp.sra.ebi.ac.uk/vol1/fastq/SRR299/038/SRR29909338/SRR29909338.fastq.gz	false	false	EXCLUDED	not WGS paired-end
SRR29909339	SAMN42721289	SRS22067043	PRJNA1138464	SRP521244	SRX25404505	Vigna angularis	RAD-Seq	SINGLE	GENOMIC	Restriction Digest	ILLUMINA	Illumina HiSeq 2500	2033191	168754853	78491883	7e6bb8965e6f80537a6aeefbe329e56a	ftp.sra.ebi.ac.uk/vol1/fastq/SRR299/039/SRR29909339/SRR29909339.fastq.gz	false	false	EXCLUDED	not WGS paired-end
SRR29909340	SAMN42721288	SRS22067040	PRJNA1138464	SRP521244	SRX25404504	Vigna angularis	RAD-Seq	SINGLE	GENOMIC	Restriction Digest	ILLUMINA	Illumina HiSeq 2500	2044320	169678560	79100722	69a764aa1b426e1a90e90c0785ffb4e9	ftp.sra.ebi.ac.uk/vol1/fastq/SRR299/040/SRR29909340/SRR29909340.fastq.gz	false	false	EXCLUDED	not WGS paired-end
SRR29909341	SAMN42720937	SRS22067041	PRJNA1138464	SRP521244	SRX25404503	Vigna angularis	WGS	PAIRED	GENOMIC	size fractionation	ILLUMINA	Illumina HiSeq X	28106990	8432097000	2234200474;2561832228	62d82e0c5afe84999670669bfb9374af;1ae7a5fd64d78b95c969101c5a8410c9	ftp.sra.ebi.ac.uk/vol1/fastq/SRR299/041/SRR29909341/SRR29909341_1.fastq.gz;ftp.sra.ebi.ac.uk/vol1/fastq/SRR299/041/SRR29909341/SRR29909341_2.fastq.gz	false	false	EXCLUDED	outside frozen51 cohort
SRR29909342	SAMN42721287	SRS22067039	PRJNA1138464	SRP521244	SRX25404502	Vigna angularis	RAD-Seq	SINGLE	GENOMIC	Restriction Digest	ILLUMINA	Illumina HiSeq 2500	2268279	188267157	88007385	ad2ee4d50a461c2e265787e4c400a835	ftp.sra.ebi.ac.uk/vol1/fastq/SRR299/042/SRR29909342/SRR29909342.fastq.gz	false	false	EXCLUDED	not WGS paired-end
SRR29909343	SAMN42721286	SRS22067038	PRJNA1138464	SRP521244	SRX25404501	Vigna angularis	RAD-Seq	SINGLE	GENOMIC	Restriction Digest	ILLUMINA	Illumina HiSeq 2500	2426995	201440585	93537751	174b3255204996bc9f0581ac8007a32f	ftp.sra.ebi.ac.uk/vol1/fastq/SRR299/043/SRR29909343/SRR29909343.fastq.gz	false	false	EXCLUDED	not WGS paired-end
SRR29909344	SAMN42721285	SRS22067035	PRJNA1138464	SRP521244	SRX25404500	Vigna angularis	RAD-Seq	SINGLE	GENOMIC	Restriction Digest	ILLUMINA	Illumina HiSeq 2500	2514548	208707484	96917631	9e2e6ad0b4364c3d5e6f5a5180804624	ftp.sra.ebi.ac.uk/vol1/fastq/SRR299/044/SRR29909344/SRR29909344.fastq.gz	false	false	EXCLUDED	not WGS paired-end
SRR29909345	SAMN42721082	SRS22067037	PRJNA1138464	SRP521244	SRX25404499	Vigna angularis	RAD-Seq	SINGLE	GENOMIC	Restriction Digest	ILLUMINA	Illumina HiSeq 2500	2777663	230546029	107432562	ebcfaf0709d8a2baa707dbd9c33275cd	ftp.sra.ebi.ac.uk/vol1/fastq/SRR299/045/SRR29909345/SRR29909345.fastq.gz	false	false	EXCLUDED	not WGS paired-end
SRR29909346	SAMN42721081	SRS22067036	PRJNA1138464	SRP521244	SRX25404498	Vigna angularis	RAD-Seq	SINGLE	GENOMIC	Restriction Digest	ILLUMINA	Illumina HiSeq 2500	2108560	175010480	80567180	ee1398e8d75f43f60d955f26a4c90ff3	ftp.sra.ebi.ac.uk/vol1/fastq/SRR299/046/SRR29909346/SRR29909346.fastq.gz	false	false	EXCLUDED	not WGS paired-end
SRR29909347	SAMN42721080	SRS22067034	PRJNA1138464	SRP521244	SRX25404497	Vigna angularis	RAD-Seq	SINGLE	GENOMIC	Restriction Digest	ILLUMINA	Illumina HiSeq 2500	2671658	221747614	104439081	13d0d1b7fc7f623dc7cac101071b0e1d	ftp.sra.ebi.ac.uk/vol1/fastq/SRR299/047/SRR29909347/SRR29909347.fastq.gz	false	false	EXCLUDED	not WGS paired-end
SRR29909348	SAMN42721079	SRS22067033	PRJNA1138464	SRP521244	SRX25404496	Vigna angularis	RAD-Seq	SINGLE	GENOMIC	Restriction Digest	ILLUMINA	Illumina HiSeq 2500	2754133	228593039	105578960	ff099907c5d1480eae6365b0a867eda3	ftp.sra.ebi.ac.uk/vol1/fastq/SRR299/048/SRR29909348/SRR29909348.fastq.gz	false	false	EXCLUDED	not WGS paired-end
SRR29909349	SAMN42721078	SRS22067032	PRJNA1138464	SRP521244	SRX25404495	Vigna angularis	RAD-Seq	SINGLE	GENOMIC	Restriction Digest	ILLUMINA	Illumina HiSeq 2500	2696768	223831744	102880391	06e149eb5aac9a36ba41254b268e3cde	ftp.sra.ebi.ac.uk/vol1/fastq/SRR299/049/SRR29909349/SRR29909349.fastq.gz	false	false	EXCLUDED	not WGS paired-end
SRR29909350	SAMN42720916	SRS22067031	PRJNA1138464	SRP521244	SRX25404494	Vigna angularis	WGS	PAIRED	GENOMIC	size fractionation	ILLUMINA	Illumina HiSeq X	25440757	7632227100	2019577418;2295289881	e1e82f377ae2422b8ee37184280481a0;23fc5282a7a54aff2683bdacb72edc47	ftp.sra.ebi.ac.uk/vol1/fastq/SRR299/050/SRR29909350/SRR29909350_1.fastq.gz;ftp.sra.ebi.ac.uk/vol1/fastq/SRR299/050/SRR29909350/SRR29909350_2.fastq.gz	false	false	EXCLUDED	outside frozen51 cohort
SRR29909351	SAMN42721077	SRS22067030	PRJNA1138464	SRP521244	SRX25404493	Vigna angularis	RAD-Seq	SINGLE	GENOMIC	Restriction Digest	ILLUMINA	Illumina HiSeq 2500	2593066	215224478	99477912	eb7061b398411e0d116664f59d6daacd	ftp.sra.ebi.ac.uk/vol1/fastq/SRR299/051/SRR29909351/SRR29909351.fastq.gz	false	false	EXCLUDED	not WGS paired-end
SRR29909352	SAMN42721076	SRS22067029	PRJNA1138464	SRP521244	SRX25404492	Vigna angularis	RAD-Seq	SINGLE	GENOMIC	Restriction Digest	ILLUMINA	Illumina HiSeq 2500	2626367	217988461	101778220	f73dc648f7cc73222e077da3faaa98ef	ftp.sra.ebi.ac.uk/vol1/fastq/SRR299/052/SRR29909352/SRR29909352.fastq.gz	false	false	EXCLUDED	not WGS paired-end
SRR29909353	SAMN42721075	SRS22067028	PRJNA1138464	SRP521244	SRX25404491	Vigna angularis	RAD-Seq	SINGLE	GENOMIC	Restriction Digest	ILLUMINA	Illumina HiSeq 2500	2714244	225282252	102725271	514c1d1b1b73981d4c3429f9d2ad32e2	ftp.sra.ebi.ac.uk/vol1/fastq/SRR299/053/SRR29909353/SRR29909353.fastq.gz	false	false	EXCLUDED	not WGS paired-end
SRR29909354	SAMN42721074	SRS22067027	PRJNA1138464	SRP521244	SRX25404490	Vigna angularis	RAD-Seq	SINGLE	GENOMIC	Restriction Digest	ILLUMINA	Illumina HiSeq 2500	2758630	228966290	106348977	a1da5905de1f55cb8890920309fcb3b4	ftp.sra.ebi.ac.uk/vol1/fastq/SRR299/054/SRR29909354/SRR29909354.fastq.gz	false	false	EXCLUDED	not WGS paired-end
SRR29909355	SAMN42721073	SRS22067026	PRJNA1138464	SRP521244	SRX25404489	Vigna angularis	RAD-Seq	SINGLE	GENOMIC	Restriction Digest	ILLUMINA	Illumina HiSeq 2500	2830667	234945361	106013567	1bf7f792fb1103ce199c4cc9b8b1df5f	ftp.sra.ebi.ac.uk/vol1/fastq/SRR299/055/SRR29909355/SRR29909355.fastq.gz	false	false	EXCLUDED	not WGS paired-end
SRR29909356	SAMN42721072	SRS22067024	PRJNA1138464	SRP521244	SRX25404488	Vigna angularis	RAD-Seq	SINGLE	GENOMIC	Restriction Digest	ILLUMINA	Illumina HiSeq 2500	2500428	207535524	96763759	e643b52e64ef6ff38789ef0ccf81a188	ftp.sra.ebi.ac.uk/vol1/fastq/SRR299/056/SRR29909356/SRR29909356.fastq.gz	false	false	EXCLUDED	not WGS paired-end
SRR29909357	SAMN42721071	SRS22067025	PRJNA1138464	SRP521244	SRX25404487	Vigna angularis	RAD-Seq	SINGLE	GENOMIC	Restriction Digest	ILLUMINA	Illumina HiSeq 2500	2685189	222870687	102911169	ff70fbcf95d195560e2cc9ca061a510e	ftp.sra.ebi.ac.uk/vol1/fastq/SRR299/057/SRR29909357/SRR29909357.fastq.gz	false	false	EXCLUDED	not WGS paired-end
SRR29909358	SAMN42721070	SRS22067023	PRJNA1138464	SRP521244	SRX25404486	Vigna angularis	RAD-Seq	SINGLE	GENOMIC	Restriction Digest	ILLUMINA	Illumina HiSeq 2500	2717098	225519134	105557634	a23b34b9a09004bc3c141d055ee0d7a0	ftp.sra.ebi.ac.uk/vol1/fastq/SRR299/058/SRR29909358/SRR29909358.fastq.gz	false	false	EXCLUDED	not WGS paired-end
SRR29909359	SAMN42721069	SRS22067021	PRJNA1138464	SRP521244	SRX25404485	Vigna angularis	RAD-Seq	SINGLE	GENOMIC	Restriction Digest	ILLUMINA	Illumina HiSeq 2500	2686150	222950450	104348305	332bdeaef8c9431d6a62fa2820489232	ftp.sra.ebi.ac.uk/vol1/fastq/SRR299/059/SRR29909359/SRR29909359.fastq.gz	false	false	EXCLUDED	not WGS paired-end
SRR29909360	SAMN42721068	SRS22067022	PRJNA1138464	SRP521244	SRX25404484	Vigna angularis	RAD-Seq	SINGLE	GENOMIC	Restriction Digest	ILLUMINA	Illumina HiSeq 2500	2703096	224356968	102951889	ef98f8a8f419f3749365649c0d2334d7	ftp.sra.ebi.ac.uk/vol1/fastq/SRR299/060/SRR29909360/SRR29909360.fastq.gz	false	false	EXCLUDED	not WGS paired-end
SRR29909361	SAMN42720915	SRS22067019	PRJNA1138464	SRP521244	SRX25404483	Vigna angularis	WGS	PAIRED	GENOMIC	size fractionation	ILLUMINA	Illumina HiSeq X	24400027	7320008100	1947476553;2271462398	84b28fdadf8d5f3590de45299539597c;a2bcb63a1bd618efba2bbed6b3d9cf93	ftp.sra.ebi.ac.uk/vol1/fastq/SRR299/061/SRR29909361/SRR29909361_1.fastq.gz;ftp.sra.ebi.ac.uk/vol1/fastq/SRR299/061/SRR29909361/SRR29909361_2.fastq.gz	false	false	EXCLUDED	outside frozen51 cohort
SRR29909362	SAMN42721067	SRS22067020	PRJNA1138464	SRP521244	SRX25404482	Vigna angularis	RAD-Seq	SINGLE	GENOMIC	Restriction Digest	ILLUMINA	Illumina HiSeq 2500	2734322	226948726	105831073	47055fb14a7cbbdce6f26bff079a3e3a	ftp.sra.ebi.ac.uk/vol1/fastq/SRR299/062/SRR29909362/SRR29909362.fastq.gz	false	false	EXCLUDED	not WGS paired-end
SRR29909363	SAMN42721066	SRS22067018	PRJNA1138464	SRP521244	SRX25404481	Vigna angularis	RAD-Seq	SINGLE	GENOMIC	Restriction Digest	ILLUMINA	Illumina HiSeq 2500	2608300	216488900	99795239	48f05e45610943ce8a05fa5553a152f1	ftp.sra.ebi.ac.uk/vol1/fastq/SRR299/063/SRR29909363/SRR29909363.fastq.gz	false	false	EXCLUDED	not WGS paired-end
SRR29909364	SAMN42721065	SRS22067017	PRJNA1138464	SRP521244	SRX25404480	Vigna angularis	WGS	PAIRED	GENOMIC	size fractionation	ILLUMINA	Illumina HiSeq X	25754537	7726361100	2071834557;2389465669	2e1ec2cad90c84123c7a1c2486f88935;50c6ce32c1d92dd5e57e725fdbbf0993	ftp.sra.ebi.ac.uk/vol1/fastq/SRR299/064/SRR29909364/SRR29909364_1.fastq.gz;ftp.sra.ebi.ac.uk/vol1/fastq/SRR299/064/SRR29909364/SRR29909364_2.fastq.gz	false	false	EXCLUDED	outside frozen51 cohort
SRR29909365	SAMN42721064	SRS22067015	PRJNA1138464	SRP521244	SRX25404479	Vigna angularis	RAD-Seq	SINGLE	GENOMIC	Restriction Digest	ILLUMINA	Illumina HiSeq 2500	2680463	222478429	102887585	baf4d3ccd7047a5afbde6a4117a0d5a8	ftp.sra.ebi.ac.uk/vol1/fastq/SRR299/065/SRR29909365/SRR29909365.fastq.gz	false	false	EXCLUDED	not WGS paired-end
SRR29909366	SAMN42721063	SRS22067016	PRJNA1138464	SRP521244	SRX25404478	Vigna angularis	RAD-Seq	SINGLE	GENOMIC	Restriction Digest	ILLUMINA	Illumina HiSeq 2500	2826755	234620665	111225634	a1c5b50373da8ac9f16d6c9ab759e65a	ftp.sra.ebi.ac.uk/vol1/fastq/SRR299/066/SRR29909366/SRR29909366.fastq.gz	false	false	EXCLUDED	not WGS paired-end
SRR29909367	SAMN42721062	SRS22067014	PRJNA1138464	SRP521244	SRX25404477	Vigna angularis	RAD-Seq	SINGLE	GENOMIC	Restriction Digest	ILLUMINA	Illumina HiSeq 2500	2947803	244667649	111512416	749b2cbe70a5682e0db9b1463ba582d6	ftp.sra.ebi.ac.uk/vol1/fastq/SRR299/067/SRR29909367/SRR29909367.fastq.gz	false	false	EXCLUDED	not WGS paired-end
SRR29909368	SAMN42721061	SRS22067011	PRJNA1138464	SRP521244	SRX25404476	Vigna angularis	WGS	PAIRED	GENOMIC	size fractionation	ILLUMINA	Illumina HiSeq X	26234346	7870303800	2084721066;2403027497	a52e39d034cf1916b5035a3ddb3fb5b1;7032c77be43bb48e2226067724e2a4c2	ftp.sra.ebi.ac.uk/vol1/fastq/SRR299/068/SRR29909368/SRR29909368_1.fastq.gz;ftp.sra.ebi.ac.uk/vol1/fastq/SRR299/068/SRR29909368/SRR29909368_2.fastq.gz	false	false	EXCLUDED	outside frozen51 cohort
SRR29909369	SAMN42721060	SRS22067012	PRJNA1138464	SRP521244	SRX25404475	Vigna angularis	RAD-Seq	SINGLE	GENOMIC	Restriction Digest	ILLUMINA	Illumina HiSeq 2500	2667156	221373948	104785944	c88dfe686a9f3fcb5887cc04db32c5c5	ftp.sra.ebi.ac.uk/vol1/fastq/SRR299/069/SRR29909369/SRR29909369.fastq.gz	false	false	EXCLUDED	not WGS paired-end
SRR29909370	SAMN42721059	SRS22067013	PRJNA1138464	SRP521244	SRX25404474	Vigna angularis	RAD-Seq	SINGLE	GENOMIC	Restriction Digest	ILLUMINA	Illumina HiSeq 2500	2667445	221397935	102898741	156613bad4914146de6923cec97609e9	ftp.sra.ebi.ac.uk/vol1/fastq/SRR299/070/SRR29909370/SRR29909370.fastq.gz	false	false	EXCLUDED	not WGS paired-end
SRR29909371	SAMN42721058	SRS22067010	PRJNA1138464	SRP521244	SRX25404473	Vigna angularis	RAD-Seq	SINGLE	GENOMIC	Restriction Digest	ILLUMINA	Illumina HiSeq 2500	2564031	212814573	98936092	0022446e02532c47578601c36e12cf86	ftp.sra.ebi.ac.uk/vol1/fastq/SRR299/071/SRR29909371/SRR29909371.fastq.gz	false	false	EXCLUDED	not WGS paired-end
SRR29909372	SAMN42720914	SRS22067009	PRJNA1138464	SRP521244	SRX25404472	Vigna angularis	WGS	PAIRED	GENOMIC	size fractionation	ILLUMINA	Illumina HiSeq X	21100857	6330257100	1703020340;1877974402	2c4e54a2c3bbd22c3afc760f07b24735;95ac51686aea415ab8ef66af86aed385	ftp.sra.ebi.ac.uk/vol1/fastq/SRR299/072/SRR29909372/SRR29909372_1.fastq.gz;ftp.sra.ebi.ac.uk/vol1/fastq/SRR299/072/SRR29909372/SRR29909372_2.fastq.gz	true	true	SELECTED	existing20 public cohort
SRR29909373	SAMN42721057	SRS22067008	PRJNA1138464	SRP521244	SRX25404471	Vigna angularis	WGS	PAIRED	GENOMIC	size fractionation	ILLUMINA	Illumina HiSeq X	31981873	9594561900	2559897820;2686859570	f418c556944a6734a17c4e2f723d3226;b6cd51d4510667fbc3ed0540531c4309	ftp.sra.ebi.ac.uk/vol1/fastq/SRR299/073/SRR29909373/SRR29909373_1.fastq.gz;ftp.sra.ebi.ac.uk/vol1/fastq/SRR299/073/SRR29909373/SRR29909373_2.fastq.gz	false	false	EXCLUDED	outside frozen51 cohort
SRR29909374	SAMN42721056	SRS22067007	PRJNA1138464	SRP521244	SRX25404470	Vigna angularis	RAD-Seq	SINGLE	GENOMIC	Restriction Digest	ILLUMINA	Illumina HiSeq 2500	2637498	218912334	103411369	5f8b902299b101c40caac9daa4a95a5a	ftp.sra.ebi.ac.uk/vol1/fastq/SRR299/074/SRR29909374/SRR29909374.fastq.gz	false	false	EXCLUDED	not WGS paired-end
SRR29909375	SAMN42721055	SRS22067004	PRJNA1138464	SRP521244	SRX25404469	Vigna angularis	WGS	PAIRED	GENOMIC	size fractionation	ILLUMINA	Illumina HiSeq X	38403613	11521083900	3013097410;3330568221	e22cf4118532a50150371173d6e8d6b4;b4d291e80cab66160d317940dd8e378b	ftp.sra.ebi.ac.uk/vol1/fastq/SRR299/075/SRR29909375/SRR29909375_1.fastq.gz;ftp.sra.ebi.ac.uk/vol1/fastq/SRR299/075/SRR29909375/SRR29909375_2.fastq.gz	false	false	EXCLUDED	outside frozen51 cohort
SRR29909376	SAMN42721054	SRS22067005	PRJNA1138464	SRP521244	SRX25404468	Vigna angularis	WGS	PAIRED	GENOMIC	size fractionation	ILLUMINA	Illumina HiSeq X	24118478	7235543400	1977106360;2075673443	a6b2eea18e8c737245ff76adeb97b515;1cd7043b1a75edac4d3c7ebc7c62925b	ftp.sra.ebi.ac.uk/vol1/fastq/SRR299/076/SRR29909376/SRR29909376_1.fastq.gz;ftp.sra.ebi.ac.uk/vol1/fastq/SRR299/076/SRR29909376/SRR29909376_2.fastq.gz	false	false	EXCLUDED	outside frozen51 cohort
SRR29909377	SAMN42721024	SRS22067006	PRJNA1138464	SRP521244	SRX25404467	Vigna angularis	WGS	PAIRED	GENOMIC	size fractionation	ILLUMINA	Illumina HiSeq X	29588966	8876689800	2360837612;2665621625	ebf6d97bf8c7e5d04ab3f74b7d112116;7eee5cc33958d9f00e60e230203d94be	ftp.sra.ebi.ac.uk/vol1/fastq/SRR299/077/SRR29909377/SRR29909377_1.fastq.gz;ftp.sra.ebi.ac.uk/vol1/fastq/SRR299/077/SRR29909377/SRR29909377_2.fastq.gz	false	false	EXCLUDED	outside frozen51 cohort
SRR29909378	SAMN42721023	SRS22067003	PRJNA1138464	SRP521244	SRX25404466	Vigna angularis	WGS	PAIRED	GENOMIC	size fractionation	ILLUMINA	Illumina HiSeq X	31763118	9528935400	2530810794;2863753121	602cb91c5ee55af1f3e64c8bb680a6d1;8be21beb1ced66d8ea791c709530b72e	ftp.sra.ebi.ac.uk/vol1/fastq/SRR299/078/SRR29909378/SRR29909378_1.fastq.gz;ftp.sra.ebi.ac.uk/vol1/fastq/SRR299/078/SRR29909378/SRR29909378_2.fastq.gz	false	false	EXCLUDED	outside frozen51 cohort
SRR29909379	SAMN42721022	SRS22067000	PRJNA1138464	SRP521244	SRX25404465	Vigna angularis	WGS	PAIRED	GENOMIC	size fractionation	ILLUMINA	Illumina HiSeq X	26109470	7832841000	2096060283;2400450722	8f131aa161a3d75cd86f7af984eca4fa;1c649e3e25176539fd83724dd97ad55e	ftp.sra.ebi.ac.uk/vol1/fastq/SRR299/079/SRR29909379/SRR29909379_1.fastq.gz;ftp.sra.ebi.ac.uk/vol1/fastq/SRR299/079/SRR29909379/SRR29909379_2.fastq.gz	false	false	EXCLUDED	outside frozen51 cohort
SRR29909380	SAMN42721021	SRS22067001	PRJNA1138464	SRP521244	SRX25404464	Vigna angularis	WGS	PAIRED	GENOMIC	size fractionation	ILLUMINA	Illumina HiSeq X	32942614	9882784200	2624384428;2999699000	acff7e61083814dbec558760973cdbdd;5c3169c259010cb9baac51ee41ad8857	ftp.sra.ebi.ac.uk/vol1/fastq/SRR299/080/SRR29909380/SRR29909380_1.fastq.gz;ftp.sra.ebi.ac.uk/vol1/fastq/SRR299/080/SRR29909380/SRR29909380_2.fastq.gz	false	false	EXCLUDED	outside frozen51 cohort
SRR29909381	SAMN42721020	SRS22067002	PRJNA1138464	SRP521244	SRX25404463	Vigna angularis	WGS	PAIRED	GENOMIC	size fractionation	ILLUMINA	Illumina HiSeq X	29099579	8729873700	2315511879;2659532756	5d165b9fb8b7a6ce2fa7db5342d6ad75;fc090053d3949b03c51080b0aadb9366	ftp.sra.ebi.ac.uk/vol1/fastq/SRR299/081/SRR29909381/SRR29909381_1.fastq.gz;ftp.sra.ebi.ac.uk/vol1/fastq/SRR299/081/SRR29909381/SRR29909381_2.fastq.gz	false	false	EXCLUDED	outside frozen51 cohort
SRR29909382	SAMN42721019	SRS22066997	PRJNA1138464	SRP521244	SRX25404462	Vigna angularis	RAD-Seq	SINGLE	GENOMIC	Restriction Digest	ILLUMINA	Illumina HiSeq 2500	2788574	231451642	106301384	0c590c0eee0bdae07ad4485179f1dd20	ftp.sra.ebi.ac.uk/vol1/fastq/SRR299/082/SRR29909382/SRR29909382.fastq.gz	false	false	EXCLUDED	not WGS paired-end
SRR29909383	SAMN42721018	SRS22066999	PRJNA1138464	SRP521244	SRX25404461	Vigna angularis	WGS	PAIRED	GENOMIC	size fractionation	ILLUMINA	Illumina HiSeq X	33507488	10052246400	2633484716;3054925789	d8f3bb0431c6bedfe72fe354e9f4a086;76da64b30bc4776e711b35fa2cb26891	ftp.sra.ebi.ac.uk/vol1/fastq/SRR299/083/SRR29909383/SRR29909383_1.fastq.gz;ftp.sra.ebi.ac.uk/vol1/fastq/SRR299/083/SRR29909383/SRR29909383_2.fastq.gz	false	false	EXCLUDED	outside frozen51 cohort
SRR29909384	SAMN42720910	SRS22066998	PRJNA1138464	SRP521244	SRX25404460	Vigna angularis	WGS	PAIRED	GENOMIC	size fractionation	ILLUMINA	Illumina HiSeq X	21876613	6562983900	1737341108;1835719283	19edbdde89456ad356a0297582a62a69;24c8a2355e5b5025ea540c9b6a28c468	ftp.sra.ebi.ac.uk/vol1/fastq/SRR299/084/SRR29909384/SRR29909384_1.fastq.gz;ftp.sra.ebi.ac.uk/vol1/fastq/SRR299/084/SRR29909384/SRR29909384_2.fastq.gz	true	true	SELECTED	existing20 public cohort
SRR29909385	SAMN42721017	SRS22066996	PRJNA1138464	SRP521244	SRX25404459	Vigna angularis	RAD-Seq	SINGLE	GENOMIC	Restriction Digest	ILLUMINA	Illumina HiSeq 2500	2667950	221439850	103624940	faba2cc460047815ac96a38fe234291e	ftp.sra.ebi.ac.uk/vol1/fastq/SRR299/085/SRR29909385/SRR29909385.fastq.gz	false	false	EXCLUDED	not WGS paired-end
SRR29909386	SAMN42721016	SRS22066995	PRJNA1138464	SRP521244	SRX25404458	Vigna angularis	WGS	PAIRED	GENOMIC	size fractionation	ILLUMINA	Illumina HiSeq X	24539391	7361817300	2033088356;2176307065	3713fe7c2bff5df35ade81f0c7cf611b;26376e9bdb965f98c00c2ffa0a88054d	ftp.sra.ebi.ac.uk/vol1/fastq/SRR299/086/SRR29909386/SRR29909386_1.fastq.gz;ftp.sra.ebi.ac.uk/vol1/fastq/SRR299/086/SRR29909386/SRR29909386_2.fastq.gz	false	false	EXCLUDED	outside frozen51 cohort
SRR29909387	SAMN42721015	SRS22066994	PRJNA1138464	SRP521244	SRX25404457	Vigna angularis	RAD-Seq	SINGLE	GENOMIC	Restriction Digest	ILLUMINA	Illumina HiSeq 2500	2804206	232749098	107792793	e7b4b158af7203b8bb8763d7a9b5ee0a	ftp.sra.ebi.ac.uk/vol1/fastq/SRR299/087/SRR29909387/SRR29909387.fastq.gz	false	false	EXCLUDED	not WGS paired-end
SRR29909388	SAMN42721014	SRS22066993	PRJNA1138464	SRP521244	SRX25404456	Vigna angularis	WGS	PAIRED	GENOMIC	size fractionation	ILLUMINA	Illumina HiSeq X	23548508	7064552400	1942460857;2071832884	3b0c2d824abbf6a904f1c0ce0670c005;71046266cd129db244c9b9c04c9563e1	ftp.sra.ebi.ac.uk/vol1/fastq/SRR299/088/SRR29909388/SRR29909388_1.fastq.gz;ftp.sra.ebi.ac.uk/vol1/fastq/SRR299/088/SRR29909388/SRR29909388_2.fastq.gz	false	false	EXCLUDED	outside frozen51 cohort
SRR29909389	SAMN42721013	SRS22066992	PRJNA1138464	SRP521244	SRX25404455	Vigna angularis	WGS	PAIRED	GENOMIC	size fractionation	ILLUMINA	Illumina HiSeq X	32767956	9830386800	2626389502;2998082364	5267e41525278abc16b430a24a6aa963;131c3e4efe3009b976b28fc16be9666a	ftp.sra.ebi.ac.uk/vol1/fastq/SRR299/089/SRR29909389/SRR29909389_1.fastq.gz;ftp.sra.ebi.ac.uk/vol1/fastq/SRR299/089/SRR29909389/SRR29909389_2.fastq.gz	false	false	EXCLUDED	outside frozen51 cohort
SRR29909390	SAMN42721012	SRS22066991	PRJNA1138464	SRP521244	SRX25404454	Vigna angularis	WGS	PAIRED	GENOMIC	size fractionation	ILLUMINA	Illumina HiSeq X	26418112	7925433600	2183666178;2312155747	21b4da58764d28910cd060e4e11ab38a;5ca19b9fa1068ebd6a660f6c68723003	ftp.sra.ebi.ac.uk/vol1/fastq/SRR299/090/SRR29909390/SRR29909390_1.fastq.gz;ftp.sra.ebi.ac.uk/vol1/fastq/SRR299/090/SRR29909390/SRR29909390_2.fastq.gz	false	false	EXCLUDED	outside frozen51 cohort
SRR29909391	SAMN42721011	SRS22066990	PRJNA1138464	SRP521244	SRX25404453	Vigna angularis	WGS	PAIRED	GENOMIC	size fractionation	ILLUMINA	Illumina HiSeq X	36558737	10967621100	2914832020;3055926555	9c1d4980c0ec268aa6e3e7180f85c2a3;ca7996ee02262feae6133d6ce79658c6	ftp.sra.ebi.ac.uk/vol1/fastq/SRR299/091/SRR29909391/SRR29909391_1.fastq.gz;ftp.sra.ebi.ac.uk/vol1/fastq/SRR299/091/SRR29909391/SRR29909391_2.fastq.gz	false	false	EXCLUDED	outside frozen51 cohort
SRR29909392	SAMN42721010	SRS22066989	PRJNA1138464	SRP521244	SRX25404452	Vigna angularis	WGS	PAIRED	GENOMIC	size fractionation	ILLUMINA	Illumina HiSeq X	24471273	7341381900	2006591770;2123653059	b8a5c19f91d9d33452a602ff9f6d14af;99ef55b3f0153ed67abc5aef015fa1e4	ftp.sra.ebi.ac.uk/vol1/fastq/SRR299/092/SRR29909392/SRR29909392_1.fastq.gz;ftp.sra.ebi.ac.uk/vol1/fastq/SRR299/092/SRR29909392/SRR29909392_2.fastq.gz	false	false	EXCLUDED	outside frozen51 cohort
SRR29909393	SAMN42721009	SRS22066987	PRJNA1138464	SRP521244	SRX25404451	Vigna angularis	WGS	PAIRED	GENOMIC	size fractionation	ILLUMINA	Illumina HiSeq X	26691095	8007328500	2194204306;2326152977	d552871645770cafa49208c434510c46;3b9d3513066be88f973c563ad75579d6	ftp.sra.ebi.ac.uk/vol1/fastq/SRR299/093/SRR29909393/SRR29909393_1.fastq.gz;ftp.sra.ebi.ac.uk/vol1/fastq/SRR299/093/SRR29909393/SRR29909393_2.fastq.gz	false	false	EXCLUDED	outside frozen51 cohort
SRR29909394	SAMN42721008	SRS22066988	PRJNA1138464	SRP521244	SRX25404450	Vigna angularis	RAD-Seq	SINGLE	GENOMIC	Restriction Digest	ILLUMINA	Illumina HiSeq 2500	2683175	222703525	102720347	c21866af2486530bf85271c72c674379	ftp.sra.ebi.ac.uk/vol1/fastq/SRR299/094/SRR29909394/SRR29909394.fastq.gz	false	false	EXCLUDED	not WGS paired-end
SRR29909395	SAMN42720909	SRS22066986	PRJNA1138464	SRP521244	SRX25404449	Vigna angularis	WGS	PAIRED	GENOMIC	size fractionation	ILLUMINA	Illumina HiSeq X	23598205	7079461500	1875781094;2007467435	0ed8e306629b3124bbd18bab0c907d81;838e9173e6a81685704769c6074c9c64	ftp.sra.ebi.ac.uk/vol1/fastq/SRR299/095/SRR29909395/SRR29909395_1.fastq.gz;ftp.sra.ebi.ac.uk/vol1/fastq/SRR299/095/SRR29909395/SRR29909395_2.fastq.gz	false	false	EXCLUDED	outside frozen51 cohort
SRR29909396	SAMN42721007	SRS22066985	PRJNA1138464	SRP521244	SRX25404448	Vigna angularis	RAD-Seq	SINGLE	GENOMIC	Restriction Digest	ILLUMINA	Illumina HiSeq 2500	2775251	230345833	105565085	28558776776aba5117da21cb641ec35a	ftp.sra.ebi.ac.uk/vol1/fastq/SRR299/096/SRR29909396/SRR29909396.fastq.gz	false	false	EXCLUDED	not WGS paired-end
SRR29909397	SAMN42721006	SRS22066984	PRJNA1138464	SRP521244	SRX25404447	Vigna angularis	WGS	PAIRED	GENOMIC	size fractionation	ILLUMINA	Illumina HiSeq X	26106876	7832062800	2141967533;2280520287	2204d56e51d49239990a3005af67fc6e;c9fc94307c019902dcd718679487c3d1	ftp.sra.ebi.ac.uk/vol1/fastq/SRR299/097/SRR29909397/SRR29909397_1.fastq.gz;ftp.sra.ebi.ac.uk/vol1/fastq/SRR299/097/SRR29909397/SRR29909397_2.fastq.gz	false	false	EXCLUDED	outside frozen51 cohort
SRR29909398	SAMN42721005	SRS22066983	PRJNA1138464	SRP521244	SRX25404446	Vigna angularis	WGS	PAIRED	GENOMIC	size fractionation	ILLUMINA	Illumina HiSeq X	32108666	9632599800	2633484206;2804178167	10e8e8f332560c9366e51de0171f2f31;370e36405f59e525b08cee807fed2158	ftp.sra.ebi.ac.uk/vol1/fastq/SRR299/098/SRR29909398/SRR29909398_1.fastq.gz;ftp.sra.ebi.ac.uk/vol1/fastq/SRR299/098/SRR29909398/SRR29909398_2.fastq.gz	false	false	EXCLUDED	outside frozen51 cohort
SRR29909399	SAMN42721004	SRS22066980	PRJNA1138464	SRP521244	SRX25404445	Vigna angularis	WGS	PAIRED	GENOMIC	size fractionation	ILLUMINA	Illumina HiSeq X	32414918	9724475400	2590015531;2970486066	79791d594dcd097717ee16109ea9f0bb;b647fbee2a831508782f2cc14d800ace	ftp.sra.ebi.ac.uk/vol1/fastq/SRR299/099/SRR29909399/SRR29909399_1.fastq.gz;ftp.sra.ebi.ac.uk/vol1/fastq/SRR299/099/SRR29909399/SRR29909399_2.fastq.gz	false	false	EXCLUDED	outside frozen51 cohort
SRR29909400	SAMN42721003	SRS22066981	PRJNA1138464	SRP521244	SRX25404444	Vigna angularis	WGS	PAIRED	GENOMIC	size fractionation	ILLUMINA	Illumina HiSeq X	30224110	9067233000	2388987254;2776991542	6551183b92cb39beb21e2a50cd012285;82a7f758464638f5454bf5aeea7519cf	ftp.sra.ebi.ac.uk/vol1/fastq/SRR299/000/SRR29909400/SRR29909400_1.fastq.gz;ftp.sra.ebi.ac.uk/vol1/fastq/SRR299/000/SRR29909400/SRR29909400_2.fastq.gz	false	false	EXCLUDED	outside frozen51 cohort
SRR29909401	SAMN42721002	SRS22066982	PRJNA1138464	SRP521244	SRX25404443	Vigna angularis	RAD-Seq	SINGLE	GENOMIC	Restriction Digest	ILLUMINA	Illumina HiSeq 2500	2735008	227005664	104966120	ec61385163633cf2efa86dd89f0cedda	ftp.sra.ebi.ac.uk/vol1/fastq/SRR299/001/SRR29909401/SRR29909401.fastq.gz	false	false	EXCLUDED	not WGS paired-end
SRR29909402	SAMN42721001	SRS22066979	PRJNA1138464	SRP521244	SRX25404442	Vigna angularis	RAD-Seq	SINGLE	GENOMIC	Restriction Digest	ILLUMINA	Illumina HiSeq 2500	2687120	223030960	103740473	a426f1407765aebcee71a1698cf443e7	ftp.sra.ebi.ac.uk/vol1/fastq/SRR299/002/SRR29909402/SRR29909402.fastq.gz	false	false	EXCLUDED	not WGS paired-end
SRR29909403	SAMN42721000	SRS22066978	PRJNA1138464	SRP521244	SRX25404441	Vigna angularis	WGS	PAIRED	GENOMIC	size fractionation	ILLUMINA	Illumina HiSeq X	28283084	8484925200	2268603660;2633735352	9fb2013b26f72bfa49dea978e91d644a;1834e548d2de4a75ebab0a39f8ffd1b7	ftp.sra.ebi.ac.uk/vol1/fastq/SRR299/003/SRR29909403/SRR29909403_1.fastq.gz;ftp.sra.ebi.ac.uk/vol1/fastq/SRR299/003/SRR29909403/SRR29909403_2.fastq.gz	false	false	EXCLUDED	outside frozen51 cohort
SRR29909404	SAMN42720999	SRS22066977	PRJNA1138464	SRP521244	SRX25404440	Vigna angularis	WGS	PAIRED	GENOMIC	size fractionation	ILLUMINA	Illumina HiSeq X	33893369	10168010700	2678445696;3115569515	73fcdc38cf3aa49ac00a1057bb676fd9;2aba9d96802991914174eb9e3eac65d6	ftp.sra.ebi.ac.uk/vol1/fastq/SRR299/004/SRR29909404/SRR29909404_1.fastq.gz;ftp.sra.ebi.ac.uk/vol1/fastq/SRR299/004/SRR29909404/SRR29909404_2.fastq.gz	false	false	EXCLUDED	outside frozen51 cohort
SRR29909405	SAMN42720998	SRS22066976	PRJNA1138464	SRP521244	SRX25404439	Vigna angularis	WGS	PAIRED	GENOMIC	size fractionation	ILLUMINA	Illumina HiSeq X	27481842	8244552600	2177215299;2462526389	e5f46a6e7e90b5163ba7872e25008bff;0a72c6b68863c151582da9042c388470	ftp.sra.ebi.ac.uk/vol1/fastq/SRR299/005/SRR29909405/SRR29909405_1.fastq.gz;ftp.sra.ebi.ac.uk/vol1/fastq/SRR299/005/SRR29909405/SRR29909405_2.fastq.gz	false	false	EXCLUDED	outside frozen51 cohort
SRR29909406	SAMN42720908	SRS22066975	PRJNA1138464	SRP521244	SRX25404438	Vigna angularis	WGS	PAIRED	GENOMIC	size fractionation	ILLUMINA	Illumina HiSeq X	23614603	7084380900	1883626886;2038994122	e9846eecf8122d1539beb8ed4189c13f;6e5a2e11da0afeb6ea0cd4b0b0eee495	ftp.sra.ebi.ac.uk/vol1/fastq/SRR299/006/SRR29909406/SRR29909406_1.fastq.gz;ftp.sra.ebi.ac.uk/vol1/fastq/SRR299/006/SRR29909406/SRR29909406_2.fastq.gz	false	false	EXCLUDED	outside frozen51 cohort
SRR29909407	SAMN42720899	SRS22066974	PRJNA1138464	SRP521244	SRX25404437	Vigna angularis	RAD-Seq	SINGLE	GENOMIC	Restriction Digest	ILLUMINA	Illumina HiSeq 2500	2480609	205890547	93188360	996bbfef28e79389a38cfe5bcb3506c3	ftp.sra.ebi.ac.uk/vol1/fastq/SRR299/007/SRR29909407/SRR29909407.fastq.gz	false	false	EXCLUDED	not WGS paired-end
SRR29909408	SAMN42720898	SRS22066973	PRJNA1138464	SRP521244	SRX25404436	Vigna angularis	WGS	PAIRED	GENOMIC	size fractionation	ILLUMINA	Illumina HiSeq X	17861759	5358527700	1410027139;1567625665	0f7402a41cfe505babc48477dceb0b97;b9b8f8b3eb2af4ec4c2935257385b2fa	ftp.sra.ebi.ac.uk/vol1/fastq/SRR299/008/SRR29909408/SRR29909408_1.fastq.gz;ftp.sra.ebi.ac.uk/vol1/fastq/SRR299/008/SRR29909408/SRR29909408_2.fastq.gz	false	false	EXCLUDED	outside frozen51 cohort
SRR29909409	SAMN42721543	SRS22066971	PRJNA1138464	SRP521244	SRX25404435	Vigna angularis	WGS	PAIRED	GENOMIC	size fractionation	ILLUMINA	Illumina HiSeq X	40142309	12042692700	2938874604;3081717229	f8cc18c0f377294e0620b75e81dd5adf;fa5d8a873cc0c879a4ffe4e5e09f98eb	ftp.sra.ebi.ac.uk/vol1/fastq/SRR299/009/SRR29909409/SRR29909409_1.fastq.gz;ftp.sra.ebi.ac.uk/vol1/fastq/SRR299/009/SRR29909409/SRR29909409_2.fastq.gz	false	false	EXCLUDED	outside frozen51 cohort
SRR29909410	SAMN42721542	SRS22066972	PRJNA1138464	SRP521244	SRX25404434	Vigna angularis	WGS	PAIRED	GENOMIC	size fractionation	ILLUMINA	Illumina HiSeq X	41524690	12457407000	3040055209;3206419916	dd31832f0c6994faa7cef1d5f1e806e4;b15000e07f7b08c70d246a924feb1287	ftp.sra.ebi.ac.uk/vol1/fastq/SRR299/010/SRR29909410/SRR29909410_1.fastq.gz;ftp.sra.ebi.ac.uk/vol1/fastq/SRR299/010/SRR29909410/SRR29909410_2.fastq.gz	false	false	EXCLUDED	outside frozen51 cohort
SRR29909411	SAMN42721541	SRS22066970	PRJNA1138464	SRP521244	SRX25404433	Vigna angularis	WGS	PAIRED	GENOMIC	size fractionation	ILLUMINA	Illumina HiSeq X	36653694	10996108200	2695372465;2872832614	4630725041b02c2aec483bc391c06b0d;ff1055ee8fc79032390bc01d4dbe96e2	ftp.sra.ebi.ac.uk/vol1/fastq/SRR299/011/SRR29909411/SRR29909411_1.fastq.gz;ftp.sra.ebi.ac.uk/vol1/fastq/SRR299/011/SRR29909411/SRR29909411_2.fastq.gz	false	false	EXCLUDED	outside frozen51 cohort
SRR29909412	SAMN42721540	SRS22066969	PRJNA1138464	SRP521244	SRX25404432	Vigna angularis	WGS	PAIRED	GENOMIC	size fractionation	ILLUMINA	Illumina HiSeq X	23759954	7127986200	1748088348;1857752283	b892a0cd1fb40b90ea710715bcb50929;5359fa4ae5030689d5133af60a4c1021	ftp.sra.ebi.ac.uk/vol1/fastq/SRR299/012/SRR29909412/SRR29909412_1.fastq.gz;ftp.sra.ebi.ac.uk/vol1/fastq/SRR299/012/SRR29909412/SRR29909412_2.fastq.gz	false	false	EXCLUDED	outside frozen51 cohort
SRR29909413	SAMN42721539	SRS22066968	PRJNA1138464	SRP521244	SRX25404431	Vigna angularis	WGS	PAIRED	GENOMIC	size fractionation	ILLUMINA	Illumina HiSeq X	30499426	9149827800	2238635285;2384925904	bbcc72ae18d16be3564ee07b1bb8e68b;0ab8e4944850a5cee6c3e85994f35dbb	ftp.sra.ebi.ac.uk/vol1/fastq/SRR299/013/SRR29909413/SRR29909413_1.fastq.gz;ftp.sra.ebi.ac.uk/vol1/fastq/SRR299/013/SRR29909413/SRR29909413_2.fastq.gz	false	false	EXCLUDED	outside frozen51 cohort
SRR29909414	SAMN42721538	SRS22066967	PRJNA1138464	SRP521244	SRX25404430	Vigna angularis	WGS	PAIRED	GENOMIC	size fractionation	ILLUMINA	Illumina HiSeq X	33516199	10054859700	2451141768;2596050839	6143758a26aeb63e8be982d4e5611237;e07ce8547a5e0b3d21ec44b47de678ee	ftp.sra.ebi.ac.uk/vol1/fastq/SRR299/014/SRR29909414/SRR29909414_1.fastq.gz;ftp.sra.ebi.ac.uk/vol1/fastq/SRR299/014/SRR29909414/SRR29909414_2.fastq.gz	false	false	EXCLUDED	outside frozen51 cohort
SRR29909415	SAMN42720962	SRS22066966	PRJNA1138464	SRP521244	SRX25404429	Vigna angularis	WGS	PAIRED	GENOMIC	size fractionation	ILLUMINA	Illumina HiSeq X	32326858	9698057400	2572029660;2734531828	a3bd8f1bd7c451f16c985f6b919bce0d;5ce0de673f4e6bfc3d8361366915a858	ftp.sra.ebi.ac.uk/vol1/fastq/SRR299/015/SRR29909415/SRR29909415_1.fastq.gz;ftp.sra.ebi.ac.uk/vol1/fastq/SRR299/015/SRR29909415/SRR29909415_2.fastq.gz	false	false	EXCLUDED	outside frozen51 cohort
SRR29909416	SAMN42721537	SRS22066965	PRJNA1138464	SRP521244	SRX25404428	Vigna angularis	WGS	PAIRED	GENOMIC	size fractionation	ILLUMINA	Illumina HiSeq X	43296393	12988917900	3148554783;3258451375	d0c5263ee717d7b079cadf61916afbc2;6797426bea0d46505a90b1c18b9037e5	ftp.sra.ebi.ac.uk/vol1/fastq/SRR299/016/SRR29909416/SRR29909416_1.fastq.gz;ftp.sra.ebi.ac.uk/vol1/fastq/SRR299/016/SRR29909416/SRR29909416_2.fastq.gz	false	false	EXCLUDED	outside frozen51 cohort
SRR29909417	SAMN42721536	SRS22066963	PRJNA1138464	SRP521244	SRX25404427	Vigna angularis	WGS	PAIRED	GENOMIC	size fractionation	ILLUMINA	Illumina HiSeq X	16161522	4880779644	1265586668;1345057744	0ccfaa5b25f103f04cc038506758f36d;2b303ec2b84bf6aea14c0e44eca8e6ca	ftp.sra.ebi.ac.uk/vol1/fastq/SRR299/017/SRR29909417/SRR29909417_1.fastq.gz;ftp.sra.ebi.ac.uk/vol1/fastq/SRR299/017/SRR29909417/SRR29909417_2.fastq.gz	false	false	EXCLUDED	outside frozen51 cohort
SRR29909418	SAMN42721535	SRS22066962	PRJNA1138464	SRP521244	SRX25404426	Vigna angularis	WGS	PAIRED	GENOMIC	size fractionation	ILLUMINA	Illumina HiSeq X	14972122	4521580844	1170411751;1245487939	8ed15c488682956a46b04058c9b6494e;7c6f5ea46faee551d2dbde14f0a2de15	ftp.sra.ebi.ac.uk/vol1/fastq/SRR299/018/SRR29909418/SRR29909418_1.fastq.gz;ftp.sra.ebi.ac.uk/vol1/fastq/SRR299/018/SRR29909418/SRR29909418_2.fastq.gz	true	true	SELECTED	existing20 public cohort
SRR29909419	SAMN42721534	SRS22066964	PRJNA1138464	SRP521244	SRX25404425	Vigna angularis	WGS	PAIRED	GENOMIC	size fractionation	ILLUMINA	Illumina HiSeq X	16579462	5006997524	1304983011;1387592715	e008ed521fd32352fff50740983a505e;b23c3982633298ccbb6a338bf8ce1ab4	ftp.sra.ebi.ac.uk/vol1/fastq/SRR299/019/SRR29909419/SRR29909419_1.fastq.gz;ftp.sra.ebi.ac.uk/vol1/fastq/SRR299/019/SRR29909419/SRR29909419_2.fastq.gz	false	false	EXCLUDED	outside frozen51 cohort
SRR29909420	SAMN42721533	SRS22066960	PRJNA1138464	SRP521244	SRX25404424	Vigna angularis	WGS	PAIRED	GENOMIC	size fractionation	ILLUMINA	Illumina HiSeq X	17424019	5262053738	1364360285;1453116326	453531a8170de12e21f0f3c13f506e99;23c966f6c31dbcfc4f69931653ea1271	ftp.sra.ebi.ac.uk/vol1/fastq/SRR299/020/SRR29909420/SRR29909420_1.fastq.gz;ftp.sra.ebi.ac.uk/vol1/fastq/SRR299/020/SRR29909420/SRR29909420_2.fastq.gz	false	false	EXCLUDED	outside frozen51 cohort
SRR29909421	SAMN42721532	SRS22066961	PRJNA1138464	SRP521244	SRX25404423	Vigna angularis	WGS	PAIRED	GENOMIC	size fractionation	ILLUMINA	Illumina HiSeq X	14322226	4325312252	1129979927;1216189621	471a18ab6774e67c9e99d816a5264a34;db8e68fdca0edea22a536707b140ba9d	ftp.sra.ebi.ac.uk/vol1/fastq/SRR299/021/SRR29909421/SRR29909421_1.fastq.gz;ftp.sra.ebi.ac.uk/vol1/fastq/SRR299/021/SRR29909421/SRR29909421_2.fastq.gz	true	true	SELECTED	existing20 public cohort
SRR29909422	SAMN42721531	SRS22066959	PRJNA1138464	SRP521244	SRX25404422	Vigna angularis	WGS	PAIRED	GENOMIC	size fractionation	ILLUMINA	Illumina HiSeq X	15947823	4816242546	1263163323;1344508657	1cc67533b11ae78d7538a3268391d2bc;dfc9b4ff663abce15cf06b29b699292b	ftp.sra.ebi.ac.uk/vol1/fastq/SRR299/022/SRR29909422/SRR29909422_1.fastq.gz;ftp.sra.ebi.ac.uk/vol1/fastq/SRR299/022/SRR29909422/SRR29909422_2.fastq.gz	false	false	EXCLUDED	outside frozen51 cohort
SRR29909423	SAMN42721530	SRS22066956	PRJNA1138464	SRP521244	SRX25404421	Vigna angularis	WGS	PAIRED	GENOMIC	size fractionation	ILLUMINA	Illumina HiSeq X	19424743	5866272386	1532545616;1645112576	80ea0aa881a3fd8afab752e84ac4f256;755dd4ccd9c4b7ef1a80a790fe798dc4	ftp.sra.ebi.ac.uk/vol1/fastq/SRR299/023/SRR29909423/SRR29909423_1.fastq.gz;ftp.sra.ebi.ac.uk/vol1/fastq/SRR299/023/SRR29909423/SRR29909423_2.fastq.gz	true	true	SELECTED	existing20 public cohort
SRR29909424	SAMN42721529	SRS22066957	PRJNA1138464	SRP521244	SRX25404420	Vigna angularis	RAD-Seq	SINGLE	GENOMIC	Restriction Digest	ILLUMINA	Illumina HiSeq 2500	2680961	222519763	106602767	3411cad2bdd4bad5656805c477643068	ftp.sra.ebi.ac.uk/vol1/fastq/SRR299/024/SRR29909424/SRR29909424.fastq.gz	false	false	EXCLUDED	not WGS paired-end
SRR29909425	SAMN42721528	SRS22066958	PRJNA1138464	SRP521244	SRX25404419	Vigna angularis	WGS	PAIRED	GENOMIC	size fractionation	ILLUMINA	Illumina HiSeq X	29410897	8823269100	2329673918;2626149249	ee1811cb8021f4f9dd0e55b5d3168f30;a965bb0288f2eaed19cd9b6c3c296802	ftp.sra.ebi.ac.uk/vol1/fastq/SRR299/025/SRR29909425/SRR29909425_1.fastq.gz;ftp.sra.ebi.ac.uk/vol1/fastq/SRR299/025/SRR29909425/SRR29909425_2.fastq.gz	false	false	EXCLUDED	outside frozen51 cohort
SRR29909426	SAMN42720961	SRS22066955	PRJNA1138464	SRP521244	SRX25404418	Vigna angularis	RAD-Seq	SINGLE	GENOMIC	Restriction Digest	ILLUMINA	Illumina HiSeq 2500	2843095	235976885	108906800	b4a3c1d8434b02ab4b69e411ad523ad5	ftp.sra.ebi.ac.uk/vol1/fastq/SRR299/026/SRR29909426/SRR29909426.fastq.gz	false	false	EXCLUDED	not WGS paired-end
SRR29909427	SAMN42721527	SRS22066953	PRJNA1138464	SRP521244	SRX25404417	Vigna angularis	RAD-Seq	SINGLE	GENOMIC	Restriction Digest	ILLUMINA	Illumina HiSeq 2500	2464123	204522209	100045735	aee389d885323b7c340d367d7351ea95	ftp.sra.ebi.ac.uk/vol1/fastq/SRR299/027/SRR29909427/SRR29909427.fastq.gz	false	false	EXCLUDED	not WGS paired-end
SRR29909428	SAMN42721526	SRS22066952	PRJNA1138464	SRP521244	SRX25404416	Vigna angularis	RAD-Seq	SINGLE	GENOMIC	Restriction Digest	ILLUMINA	Illumina HiSeq 2500	2663657	221083531	105049919	0067e6faac369c972e6776615ec08581	ftp.sra.ebi.ac.uk/vol1/fastq/SRR299/028/SRR29909428/SRR29909428.fastq.gz	false	false	EXCLUDED	not WGS paired-end
SRR29909429	SAMN42721525	SRS22066951	PRJNA1138464	SRP521244	SRX25404415	Vigna angularis	RAD-Seq	SINGLE	GENOMIC	Restriction Digest	ILLUMINA	Illumina HiSeq 2500	2528274	209846742	102136458	bf3d827c0dc9d035701c7fffc7e08eb5	ftp.sra.ebi.ac.uk/vol1/fastq/SRR299/029/SRR29909429/SRR29909429.fastq.gz	false	false	EXCLUDED	not WGS paired-end
SRR29909430	SAMN42721524	SRS22066950	PRJNA1138464	SRP521244	SRX25404414	Vigna angularis	WGS	PAIRED	GENOMIC	size fractionation	ILLUMINA	Illumina HiSeq X	31896577	9568973100	2521673902;2846163382	3c56015f206c48f6e5af0d0822bb12c6;9360b340e10a809ddcf80e9a26b315bc	ftp.sra.ebi.ac.uk/vol1/fastq/SRR299/030/SRR29909430/SRR29909430_1.fastq.gz;ftp.sra.ebi.ac.uk/vol1/fastq/SRR299/030/SRR29909430/SRR29909430_2.fastq.gz	false	false	EXCLUDED	outside frozen51 cohort
SRR29909431	SAMN42721523	SRS22066954	PRJNA1138464	SRP521244	SRX25404413	Vigna angularis	WGS	PAIRED	GENOMIC	size fractionation	ILLUMINA	Illumina HiSeq X	27027695	8108308500	2147330589;2395052100	927b489d0d5606c22e51034ee772be37;60d446cffafa988828a2a17100b4a509	ftp.sra.ebi.ac.uk/vol1/fastq/SRR299/031/SRR29909431/SRR29909431_1.fastq.gz;ftp.sra.ebi.ac.uk/vol1/fastq/SRR299/031/SRR29909431/SRR29909431_2.fastq.gz	false	false	EXCLUDED	outside frozen51 cohort
SRR29909432	SAMN42721522	SRS22066948	PRJNA1138464	SRP521244	SRX25404412	Vigna angularis	WGS	PAIRED	GENOMIC	size fractionation	ILLUMINA	Illumina HiSeq X	36917203	11075160900	2686050181;2792451418	58bddeef2b49d765dde7e948fa629d46;dc47f77a12bfeba1478a663ede1bf5ab	ftp.sra.ebi.ac.uk/vol1/fastq/SRR299/032/SRR29909432/SRR29909432_1.fastq.gz;ftp.sra.ebi.ac.uk/vol1/fastq/SRR299/032/SRR29909432/SRR29909432_2.fastq.gz	false	false	EXCLUDED	outside frozen51 cohort
SRR29909433	SAMN42721521	SRS22066947	PRJNA1138464	SRP521244	SRX25404411	Vigna angularis	WGS	PAIRED	GENOMIC	size fractionation	ILLUMINA	Illumina HiSeq X	34603548	10381064400	2523373342;2656958123	3e2658a43b67a6afa791bef8a8a89c77;2719371ee9db9d8b78b3e6c3b00f21da	ftp.sra.ebi.ac.uk/vol1/fastq/SRR299/033/SRR29909433/SRR29909433_1.fastq.gz;ftp.sra.ebi.ac.uk/vol1/fastq/SRR299/033/SRR29909433/SRR29909433_2.fastq.gz	false	false	EXCLUDED	outside frozen51 cohort
SRR29909434	SAMN42721520	SRS22066946	PRJNA1138464	SRP521244	SRX25404410	Vigna angularis	WGS	PAIRED	GENOMIC	size fractionation	ILLUMINA	Illumina HiSeq X	23224818	6967445400	1739093950;1802197309	3554fcd16aa626776dd7d3217407a55f;0e6f76778d1fec657bc16850229bf6d7	ftp.sra.ebi.ac.uk/vol1/fastq/SRR299/034/SRR29909434/SRR29909434_1.fastq.gz;ftp.sra.ebi.ac.uk/vol1/fastq/SRR299/034/SRR29909434/SRR29909434_2.fastq.gz	true	true	SELECTED	existing20 public cohort
SRR29909435	SAMN42721519	SRS22066945	PRJNA1138464	SRP521244	SRX25404409	Vigna angularis	WGS	PAIRED	GENOMIC	size fractionation	ILLUMINA	Illumina HiSeq X	35645583	10693674900	2584953016;2680608982	7450069d3c96de27747eb0a1251386a5;162cae4830ec093866fa9807a2c6df7e	ftp.sra.ebi.ac.uk/vol1/fastq/SRR299/035/SRR29909435/SRR29909435_1.fastq.gz;ftp.sra.ebi.ac.uk/vol1/fastq/SRR299/035/SRR29909435/SRR29909435_2.fastq.gz	false	false	EXCLUDED	outside frozen51 cohort
SRR29909436	SAMN42721518	SRS22066949	PRJNA1138464	SRP521244	SRX25404408	Vigna angularis	WGS	PAIRED	GENOMIC	size fractionation	ILLUMINA	Illumina HiSeq X	38262453	11478735900	2790129800;2895801967	970498bf679629355046860152624ff8;1162eb877ef785e86a95cf54a1dab511	ftp.sra.ebi.ac.uk/vol1/fastq/SRR299/036/SRR29909436/SRR29909436_1.fastq.gz;ftp.sra.ebi.ac.uk/vol1/fastq/SRR299/036/SRR29909436/SRR29909436_2.fastq.gz	false	false	EXCLUDED	outside frozen51 cohort
SRR29909437	SAMN42720960	SRS22066944	PRJNA1138464	SRP521244	SRX25404407	Vigna angularis	WGS	PAIRED	GENOMIC	size fractionation	ILLUMINA	Illumina HiSeq X	31227688	9368306400	2480294735;2660722519	1be957382d5cf0a7c58bcca43674a049;bf0134d0366250a15229a4696ca4c201	ftp.sra.ebi.ac.uk/vol1/fastq/SRR299/037/SRR29909437/SRR29909437_1.fastq.gz;ftp.sra.ebi.ac.uk/vol1/fastq/SRR299/037/SRR29909437/SRR29909437_2.fastq.gz	false	false	EXCLUDED	outside frozen51 cohort
SRR29909438	SAMN42721517	SRS22066943	PRJNA1138464	SRP521244	SRX25404406	Vigna angularis	WGS	PAIRED	GENOMIC	size fractionation	ILLUMINA	Illumina HiSeq X	35269034	10580710200	2556960002;2621360424	1ca41b4d34957b09ed8003a93dc1f5b8;77b70ea72ac4a4cb8f83574705c477c1	ftp.sra.ebi.ac.uk/vol1/fastq/SRR299/038/SRR29909438/SRR29909438_1.fastq.gz;ftp.sra.ebi.ac.uk/vol1/fastq/SRR299/038/SRR29909438/SRR29909438_2.fastq.gz	false	false	EXCLUDED	outside frozen51 cohort
SRR29909439	SAMN42721516	SRS22066942	PRJNA1138464	SRP521244	SRX25404405	Vigna angularis	WGS	PAIRED	GENOMIC	size fractionation	ILLUMINA	Illumina HiSeq X	35866203	10759860900	2589304100;2644196007	9c74224c0523fa6e49749be38a097d38;b4c686e9b1a7bc6d6c990507409bc92b	ftp.sra.ebi.ac.uk/vol1/fastq/SRR299/039/SRR29909439/SRR29909439_1.fastq.gz;ftp.sra.ebi.ac.uk/vol1/fastq/SRR299/039/SRR29909439/SRR29909439_2.fastq.gz	false	false	EXCLUDED	outside frozen51 cohort
SRR29909440	SAMN42721515	SRS22066941	PRJNA1138464	SRP521244	SRX25404404	Vigna angularis	WGS	PAIRED	GENOMIC	size fractionation	ILLUMINA	Illumina HiSeq X	45399316	13619794800	3281199642;3335390565	fb64b122d7b9eedf4a31bd85ef85195d;5551a270452b927f92014285ac6ca374	ftp.sra.ebi.ac.uk/vol1/fastq/SRR299/040/SRR29909440/SRR29909440_1.fastq.gz;ftp.sra.ebi.ac.uk/vol1/fastq/SRR299/040/SRR29909440/SRR29909440_2.fastq.gz	false	false	EXCLUDED	outside frozen51 cohort
SRR29909441	SAMN42721486	SRS22066940	PRJNA1138464	SRP521244	SRX25404403	Vigna angularis	WGS	PAIRED	GENOMIC	size fractionation	ILLUMINA	Illumina HiSeq X	35906344	10771903200	2620738637;2715247124	00ae9a5b83bc36dc5263d7ddc922c756;1298c4e29a13a57e070afc82c1307853	ftp.sra.ebi.ac.uk/vol1/fastq/SRR299/041/SRR29909441/SRR29909441_1.fastq.gz;ftp.sra.ebi.ac.uk/vol1/fastq/SRR299/041/SRR29909441/SRR29909441_2.fastq.gz	false	false	EXCLUDED	outside frozen51 cohort
SRR29909442	SAMN42721485	SRS22066939	PRJNA1138464	SRP521244	SRX25404402	Vigna angularis	RAD-Seq	SINGLE	GENOMIC	Restriction Digest	ILLUMINA	Illumina HiSeq 2500	2648461	219822263	104973430	6113aeb868e921422a44242f9a070eef	ftp.sra.ebi.ac.uk/vol1/fastq/SRR299/042/SRR29909442/SRR29909442.fastq.gz	false	false	EXCLUDED	not WGS paired-end
SRR29909443	SAMN42721484	SRS22066937	PRJNA1138464	SRP521244	SRX25404401	Vigna angularis	RAD-Seq	SINGLE	GENOMIC	Restriction Digest	ILLUMINA	Illumina HiSeq 2500	2492865	206907795	99054569	c21575d5fd34c74b64ff8a2905cad6b8	ftp.sra.ebi.ac.uk/vol1/fastq/SRR299/043/SRR29909443/SRR29909443.fastq.gz	false	false	EXCLUDED	not WGS paired-end
SRR29909444	SAMN42721483	SRS22066938	PRJNA1138464	SRP521244	SRX25404400	Vigna angularis	WGS	PAIRED	GENOMIC	size fractionation	ILLUMINA	Illumina HiSeq X	25513843	7654152900	2026132922;2353835670	d96d47f06c658eb6996a1a97ca400a9b;dbcbc7ca5fb3c74a3ee53f68e60d6793	ftp.sra.ebi.ac.uk/vol1/fastq/SRR299/044/SRR29909444/SRR29909444_1.fastq.gz;ftp.sra.ebi.ac.uk/vol1/fastq/SRR299/044/SRR29909444/SRR29909444_2.fastq.gz	false	false	EXCLUDED	outside frozen51 cohort
SRR29909445	SAMN42721482	SRS22066936	PRJNA1138464	SRP521244	SRX25404399	Vigna angularis	RAD-Seq	SINGLE	GENOMIC	Restriction Digest	ILLUMINA	Illumina HiSeq 2500	2697423	223886109	107041252	89846aa1f0fa1d862f3c335799b2c143	ftp.sra.ebi.ac.uk/vol1/fastq/SRR299/045/SRR29909445/SRR29909445.fastq.gz	false	false	EXCLUDED	not WGS paired-end
SRR29909446	SAMN42721481	SRS22066935	PRJNA1138464	SRP521244	SRX25404398	Vigna angularis	RAD-Seq	SINGLE	GENOMIC	Restriction Digest	ILLUMINA	Illumina HiSeq 2500	2670252	221630916	102875001	cdabc6c64cfec50a2641d210a719b5fd	ftp.sra.ebi.ac.uk/vol1/fastq/SRR299/046/SRR29909446/SRR29909446.fastq.gz	false	false	EXCLUDED	not WGS paired-end
SRR29909447	SAMN42721480	SRS22066934	PRJNA1138464	SRP521244	SRX25404397	Vigna angularis	RAD-Seq	SINGLE	GENOMIC	Restriction Digest	ILLUMINA	Illumina HiSeq 2500	2690835	223339305	104461980	8bc9fd6f6612e3e1b13d60442c3a6631	ftp.sra.ebi.ac.uk/vol1/fastq/SRR299/047/SRR29909447/SRR29909447.fastq.gz	false	false	EXCLUDED	not WGS paired-end
SRR29909448	SAMN42721479	SRS22066933	PRJNA1138464	SRP521244	SRX25404396	Vigna angularis	RAD-Seq	SINGLE	GENOMIC	Restriction Digest	ILLUMINA	Illumina HiSeq 2500	2614803	217028649	104348893	3de34be3ed6b316ef896bfc284ad8cdd	ftp.sra.ebi.ac.uk/vol1/fastq/SRR299/048/SRR29909448/SRR29909448.fastq.gz	false	false	EXCLUDED	not WGS paired-end
SRR29909449	SAMN42721478	SRS22066932	PRJNA1138464	SRP521244	SRX25404395	Vigna angularis	RAD-Seq	SINGLE	GENOMIC	Restriction Digest	ILLUMINA	Illumina HiSeq 2500	2405167	199628861	94868685	cc0365ddd5a014b13082a09ff35b8979	ftp.sra.ebi.ac.uk/vol1/fastq/SRR299/049/SRR29909449/SRR29909449.fastq.gz	false	false	EXCLUDED	not WGS paired-end
SRR29909450	SAMN42720956	SRS22066931	PRJNA1138464	SRP521244	SRX25404394	Vigna angularis	WGS	PAIRED	GENOMIC	size fractionation	ILLUMINA	Illumina HiSeq X	24296662	7288998600	1946135511;2086104330	31f7965e65ea66f087da4458dd030067;f669fd1f5e6e68c117e111132657eb00	ftp.sra.ebi.ac.uk/vol1/fastq/SRR299/050/SRR29909450/SRR29909450_1.fastq.gz;ftp.sra.ebi.ac.uk/vol1/fastq/SRR299/050/SRR29909450/SRR29909450_2.fastq.gz	false	false	EXCLUDED	outside frozen51 cohort
SRR29909451	SAMN42721477	SRS22066930	PRJNA1138464	SRP521244	SRX25404393	Vigna angularis	RAD-Seq	SINGLE	GENOMIC	Restriction Digest	ILLUMINA	Illumina HiSeq 2500	2414174	200376442	94407172	a717477658aa265c8cbe2ed217088d02	ftp.sra.ebi.ac.uk/vol1/fastq/SRR299/051/SRR29909451/SRR29909451.fastq.gz	false	false	EXCLUDED	not WGS paired-end
SRR29909452	SAMN42721476	SRS22066929	PRJNA1138464	SRP521244	SRX25404392	Vigna angularis	WGS	PAIRED	GENOMIC	size fractionation	ILLUMINA	Illumina HiSeq X	30142820	9042846000	2381030632;2712162078	bf349eb017e36be97c37223844be1234;1cea7436bf25f1ab4975d4e7ea23e73e	ftp.sra.ebi.ac.uk/vol1/fastq/SRR299/052/SRR29909452/SRR29909452_1.fastq.gz;ftp.sra.ebi.ac.uk/vol1/fastq/SRR299/052/SRR29909452/SRR29909452_2.fastq.gz	false	false	EXCLUDED	outside frozen51 cohort
SRR29909453	SAMN42721475	SRS22066928	PRJNA1138464	SRP521244	SRX25404391	Vigna angularis	RAD-Seq	SINGLE	GENOMIC	Restriction Digest	ILLUMINA	Illumina HiSeq 2500	2465066	204600478	97826608	db3a5515856526a906a366c22100dcde	ftp.sra.ebi.ac.uk/vol1/fastq/SRR299/053/SRR29909453/SRR29909453.fastq.gz	false	false	EXCLUDED	not WGS paired-end
SRR29909454	SAMN42721474	SRS22066927	PRJNA1138464	SRP521244	SRX25404390	Vigna angularis	RAD-Seq	SINGLE	GENOMIC	Restriction Digest	ILLUMINA	Illumina HiSeq 2500	2549350	211596050	99818233	3d5d8a5e671227b75847681311d1848e	ftp.sra.ebi.ac.uk/vol1/fastq/SRR299/054/SRR29909454/SRR29909454.fastq.gz	false	false	EXCLUDED	not WGS paired-end
SRR29909455	SAMN42721473	SRS22066926	PRJNA1138464	SRP521244	SRX25404389	Vigna angularis	RAD-Seq	SINGLE	GENOMIC	Restriction Digest	ILLUMINA	Illumina HiSeq 2500	2592968	215216344	100738749	63e0a4e00228cf29663f1590ac332e7f	ftp.sra.ebi.ac.uk/vol1/fastq/SRR299/055/SRR29909455/SRR29909455.fastq.gz	false	false	EXCLUDED	not WGS paired-end
SRR29909456	SAMN42721472	SRS22066924	PRJNA1138464	SRP521244	SRX25404388	Vigna angularis	WGS	PAIRED	GENOMIC	size fractionation	ILLUMINA	Illumina HiSeq X	24558250	7367475000	1958160973;2308195544	17c80f86a9fdb62a74fe63fe80607c6b;c2f51a1626d29db895857c9bd2a6851e	ftp.sra.ebi.ac.uk/vol1/fastq/SRR299/056/SRR29909456/SRR29909456_1.fastq.gz;ftp.sra.ebi.ac.uk/vol1/fastq/SRR299/056/SRR29909456/SRR29909456_2.fastq.gz	false	false	EXCLUDED	outside frozen51 cohort
SRR29909457	SAMN42721471	SRS22066925	PRJNA1138464	SRP521244	SRX25404387	Vigna angularis	RAD-Seq	SINGLE	GENOMIC	Restriction Digest	ILLUMINA	Illumina HiSeq 2500	2558914	212389862	99949221	86b524ab06a76519be0153ecde52b5ff	ftp.sra.ebi.ac.uk/vol1/fastq/SRR299/057/SRR29909457/SRR29909457.fastq.gz	false	false	EXCLUDED	not WGS paired-end
SRR29909458	SAMN42721470	SRS22066923	PRJNA1138464	SRP521244	SRX25404386	Vigna angularis	RAD-Seq	SINGLE	GENOMIC	Restriction Digest	ILLUMINA	Illumina HiSeq 2500	2602684	216022772	104250156	1f90d8b5e4aebca27255cc4504b3c2d9	ftp.sra.ebi.ac.uk/vol1/fastq/SRR299/058/SRR29909458/SRR29909458.fastq.gz	false	false	EXCLUDED	not WGS paired-end
SRR29909459	SAMN42721469	SRS22066922	PRJNA1138464	SRP521244	SRX25404385	Vigna angularis	RAD-Seq	SINGLE	GENOMIC	Restriction Digest	ILLUMINA	Illumina HiSeq 2500	2404916	199608028	93838197	0f9adbf5d166da83c313b03481309b20	ftp.sra.ebi.ac.uk/vol1/fastq/SRR299/059/SRR29909459/SRR29909459.fastq.gz	false	false	EXCLUDED	not WGS paired-end
SRR29909460	SAMN42721468	SRS22066921	PRJNA1138464	SRP521244	SRX25404384	Vigna angularis	RAD-Seq	SINGLE	GENOMIC	Restriction Digest	ILLUMINA	Illumina HiSeq 2500	2501999	207665917	99080260	b5d1eb9d1133507ce409f200d62fbfef	ftp.sra.ebi.ac.uk/vol1/fastq/SRR299/060/SRR29909460/SRR29909460.fastq.gz	false	false	EXCLUDED	not WGS paired-end
SRR29909461	SAMN42720955	SRS22066920	PRJNA1138464	SRP521244	SRX25404383	Vigna angularis	WGS	PAIRED	GENOMIC	size fractionation	ILLUMINA	Illumina HiSeq X	22054628	6616388400	1773297987;2154906504	3dbea7bfda241353a19052f754badb3b;f6797c87a476a966750d601f85945d15	ftp.sra.ebi.ac.uk/vol1/fastq/SRR299/061/SRR29909461/SRR29909461_1.fastq.gz;ftp.sra.ebi.ac.uk/vol1/fastq/SRR299/061/SRR29909461/SRR29909461_2.fastq.gz	false	false	EXCLUDED	outside frozen51 cohort
SRR29909462	SAMN42721467	SRS22066919	PRJNA1138464	SRP521244	SRX25404382	Vigna angularis	RAD-Seq	SINGLE	GENOMIC	Restriction Digest	ILLUMINA	Illumina HiSeq 2500	2522601	209375883	99666584	c2e09183ffa0349abaf92274d8aab5ef	ftp.sra.ebi.ac.uk/vol1/fastq/SRR299/062/SRR29909462/SRR29909462.fastq.gz	false	false	EXCLUDED	not WGS paired-end
SRR29909463	SAMN42721466	SRS22066918	PRJNA1138464	SRP521244	SRX25404381	Vigna angularis	RAD-Seq	SINGLE	GENOMIC	Restriction Digest	ILLUMINA	Illumina HiSeq 2500	2360165	195893695	93414836	69abcf74333297dc43b2aba21692ed0d	ftp.sra.ebi.ac.uk/vol1/fastq/SRR299/063/SRR29909463/SRR29909463.fastq.gz	false	false	EXCLUDED	not WGS paired-end
SRR29909464	SAMN42721465	SRS22066916	PRJNA1138464	SRP521244	SRX25404380	Vigna angularis	RAD-Seq	SINGLE	GENOMIC	Restriction Digest	ILLUMINA	Illumina HiSeq 2500	2522683	209382689	100315553	9e3cd2741da5b23915d7560f46fdd2ef	ftp.sra.ebi.ac.uk/vol1/fastq/SRR299/064/SRR29909464/SRR29909464.fastq.gz	false	false	EXCLUDED	not WGS paired-end
SRR29909465	SAMN42721464	SRS22066917	PRJNA1138464	SRP521244	SRX25404379	Vigna angularis	WGS	PAIRED	GENOMIC	size fractionation	ILLUMINA	Illumina HiSeq X	34990015	10497004500	2770677174;3170094235	a94e343ddafb427796a2d05eedfb584f;0a62daf0c191abd9a5bd0685abc56a3c	ftp.sra.ebi.ac.uk/vol1/fastq/SRR299/065/SRR29909465/SRR29909465_1.fastq.gz;ftp.sra.ebi.ac.uk/vol1/fastq/SRR299/065/SRR29909465/SRR29909465_2.fastq.gz	false	false	EXCLUDED	outside frozen51 cohort
SRR29909466	SAMN42721463	SRS22066915	PRJNA1138464	SRP521244	SRX25404378	Vigna angularis	RAD-Seq	SINGLE	GENOMIC	Restriction Digest	ILLUMINA	Illumina HiSeq 2500	2514340	208690220	100414453	5591875ccc8bb4f59557bc5fa0bf4123	ftp.sra.ebi.ac.uk/vol1/fastq/SRR299/066/SRR29909466/SRR29909466.fastq.gz	false	false	EXCLUDED	not WGS paired-end
SRR29909467	SAMN42721462	SRS22066914	PRJNA1138464	SRP521244	SRX25404377	Vigna angularis	WGS	PAIRED	GENOMIC	size fractionation	ILLUMINA	Illumina HiSeq X	24290934	7287280200	1953835328;2339460501	54b48f86d73a54bba91e98fce71fe71c;4846f0c715c56ffd2deae7d20c86c099	ftp.sra.ebi.ac.uk/vol1/fastq/SRR299/067/SRR29909467/SRR29909467_1.fastq.gz;ftp.sra.ebi.ac.uk/vol1/fastq/SRR299/067/SRR29909467/SRR29909467_2.fastq.gz	false	false	EXCLUDED	outside frozen51 cohort
SRR29909468	SAMN42721461	SRS22066913	PRJNA1138464	SRP521244	SRX25404376	Vigna angularis	RAD-Seq	SINGLE	GENOMIC	Restriction Digest	ILLUMINA	Illumina HiSeq 2500	2559026	212399158	97954845	15cad47a5c68e5681f299f3c133767dc	ftp.sra.ebi.ac.uk/vol1/fastq/SRR299/068/SRR29909468/SRR29909468.fastq.gz	false	false	EXCLUDED	not WGS paired-end
SRR29909469	SAMN42721460	SRS22066912	PRJNA1138464	SRP521244	SRX25404375	Vigna angularis	WGS	PAIRED	GENOMIC	size fractionation	ILLUMINA	Illumina HiSeq X	31790373	9537111900	2522060775;2825492237	db0f90059f94beede3b10ace35b763ed;82e055fe12cc8aedabd392877c06b6fb	ftp.sra.ebi.ac.uk/vol1/fastq/SRR299/069/SRR29909469/SRR29909469_1.fastq.gz;ftp.sra.ebi.ac.uk/vol1/fastq/SRR299/069/SRR29909469/SRR29909469_2.fastq.gz	false	false	EXCLUDED	outside frozen51 cohort
SRR29909470	SAMN42721459	SRS22066911	PRJNA1138464	SRP521244	SRX25404374	Vigna angularis	WGS	PAIRED	GENOMIC	size fractionation	ILLUMINA	Illumina HiSeq X	31511474	9453442200	2516036551;2891643662	2d133968591c362392e00242b66761b6;41339c0caa5a69db417194a3206bbd68	ftp.sra.ebi.ac.uk/vol1/fastq/SRR299/070/SRR29909470/SRR29909470_1.fastq.gz;ftp.sra.ebi.ac.uk/vol1/fastq/SRR299/070/SRR29909470/SRR29909470_2.fastq.gz	false	false	EXCLUDED	outside frozen51 cohort
SRR29909471	SAMN42721458	SRS22066910	PRJNA1138464	SRP521244	SRX25404373	Vigna angularis	RAD-Seq	SINGLE	GENOMIC	Restriction Digest	ILLUMINA	Illumina HiSeq 2500	2310420	191764860	89425902	8ecee51780e27067a2ed4b7414e07b27	ftp.sra.ebi.ac.uk/vol1/fastq/SRR299/071/SRR29909471/SRR29909471.fastq.gz	false	false	EXCLUDED	not WGS paired-end
SRR29909472	SAMN42720954	SRS22066909	PRJNA1138464	SRP521244	SRX25404372	Vigna angularis	WGS	PAIRED	GENOMIC	size fractionation	ILLUMINA	Illumina HiSeq X	37064625	11119387500	2934811144;3469419231	f22452c5f3b42bf1c86d2b262f8ccee5;6b8ca4f70fe349851d36b41bc34f0cbd	ftp.sra.ebi.ac.uk/vol1/fastq/SRR299/072/SRR29909472/SRR29909472_1.fastq.gz;ftp.sra.ebi.ac.uk/vol1/fastq/SRR299/072/SRR29909472/SRR29909472_2.fastq.gz	false	false	EXCLUDED	outside frozen51 cohort
